-- --------------------------------------------------------
-- Host:                         127.0.0.1
-- Versión del servidor:         5.7.33 - MySQL Community Server (GPL)
-- SO del servidor:              Win64
-- HeidiSQL Versión:             11.2.0.6213
-- --------------------------------------------------------

/*!40101 SET @OLD_CHARACTER_SET_CLIENT=@@CHARACTER_SET_CLIENT */;
/*!40101 SET NAMES utf8 */;
/*!50503 SET NAMES utf8mb4 */;
/*!40014 SET @OLD_FOREIGN_KEY_CHECKS=@@FOREIGN_KEY_CHECKS, FOREIGN_KEY_CHECKS=0 */;
/*!40101 SET @OLD_SQL_MODE=@@SQL_MODE, SQL_MODE='NO_AUTO_VALUE_ON_ZERO' */;
/*!40111 SET @OLD_SQL_NOTES=@@SQL_NOTES, SQL_NOTES=0 */;

-- Volcando estructura para tabla pythonflaskcontactos.blog
CREATE TABLE IF NOT EXISTS `blog` (
  `id` int(11) NOT NULL AUTO_INCREMENT,
  `author_id` int(11) NOT NULL DEFAULT '0',
  `title` varchar(256) COLLATE utf8mb4_unicode_ci NOT NULL,
  `contenido` longtext COLLATE utf8mb4_unicode_ci NOT NULL,
  `img` varchar(50) COLLATE utf8mb4_unicode_ci DEFAULT '',
  `created_at` datetime NOT NULL,
  `updated_at` datetime DEFAULT NULL,
  PRIMARY KEY (`id`) USING BTREE,
  KEY `FK_blog_users` (`author_id`),
  CONSTRAINT `FK_blog_users` FOREIGN KEY (`author_id`) REFERENCES `users` (`id`)
) ENGINE=InnoDB AUTO_INCREMENT=113 DEFAULT CHARSET=utf8mb4 COLLATE=utf8mb4_unicode_ci ROW_FORMAT=DYNAMIC;

-- Volcando datos para la tabla pythonflaskcontactos.blog: ~30 rows (aproximadamente)
/*!40000 ALTER TABLE `blog` DISABLE KEYS */;
INSERT INTO `blog` (`id`, `author_id`, `title`, `contenido`, `img`, `created_at`, `updated_at`) VALUES
	(69, 211, 'El congreso ultrasónico', 'Lorem ipsum dolor sit amet, consectetur adipiscing elit. In rhoncus odio ut molestie luctus. Duis vel metus lorem. Aliquam eleifend lorem et erat faucibus tristique. In sit amet est arcu. Duis aliquet felis nisi, venenatis luctus ligula venenatis in. Donec a dui vulputate, cursus nunc a, varius lacus. Mauris vestibulum placerat quam, eget egestas ligula porta sit amet. Curabitur venenatis lacus sit amet aliquam dapibus. Pellentesque nec nisl eu felis tincidunt porttitor. Aenean ut turpis egestas turpis ornare ultricies. Ut non magna quis augue interdum sollicitudin. Vestibulum laoreet, metus vel pretium euismod, lorem risus aliquet risus, sit amet mollis est leo ac erat. In sit amet leo et sapien porttitor interdum quis ut elit. Nunc posuere nibh in enim hendrerit, vel vestibulum nibh vestibulum.', '20211204175906_comenzamos.jpg', '2021-10-17 19:23:39', '2021-11-28 12:43:43'),
	(76, 407, 'Isabella post12', 'Aliquam eleifend lorem et erat faucibus tristique.', '20211204180414_asombro.png', '2021-10-17 19:23:39', '2021-12-05 14:11:25'),
	(77, 2, 'Lorem Luctus Ut Foundation', 'Lorem ipsum dolor sit amet, consectetur adipiscing elit.', '', '2021-10-17 19:23:39', NULL),
	(82, 3, 'Adipiscing Lacus Ut Associates', 'Donec a dui vulputate, cursus nunc a, varius lacus.', '', '2021-10-17 19:23:39', NULL),
	(84, 2, 'Purus Ac Institute', 'Pellentesque nec nisl eu felis tincidunt porttitor.', '', '2021-10-17 19:23:39', NULL),
	(86, 2, 'Adipiscing Fringilla Porttitor Inc.', 'Vestibulum laoreet, metus vel pretium euismod, lorem risus aliquet risus, sit amet mollis est leo ac erat.', '', '2021-10-17 19:23:39', NULL),
	(88, 3, 'Risus Quis LLC', 'Aenean scelerisque, elit vitae placerat dictum, nunc leo laoreet tellus, ut suscipit neque diam lobortis elit.', '', '2021-10-17 19:23:39', NULL),
	(90, 2, 'Enim Etiam Imperdiet Foundation', 'In finibus sagittis scelerisque.', '', '2021-10-17 19:23:39', NULL),
	(91, 3, 'Fringilla Cursus Corporation', 'Aenean at vestibulum orci.', '', '2021-10-17 19:23:39', NULL),
	(92, 2, 'Quisque Ornare Tortor PC', 'Interdum et malesuada fames ac ante ipsum primis in faucibus.', '', '2021-10-17 19:23:39', NULL),
	(93, 2, 'Purus Mauris Ltd', 'Aenean ac vestibulum massa.\r\nUt id sem risus.\r\nDuis quis erat faucibus tellus consequat luctus.\r\n', '', '2021-10-17 19:23:39', NULL),
	(94, 2, 'Nunc Industries', 'Nam ut tellus mi.\r\nDonec posuere tellus non dapibus pulvinar.\r\nDuis sit amet turpis a elit varius gravida quis vitae tortor.\r\n', '', '2021-10-17 19:23:39', NULL),
	(95, 2, 'Natoque Corporation', 'Vivamus at urna elementum, imperdiet mauris vitae, facilisis sem.\r\nNunc augue ipsum, porta at tellus ac, dictum feugiat velit.', '', '2021-10-17 19:23:39', NULL),
	(96, 3, 'Mus PC', 'Vestibulum id sem vel enim consectetur hendrerit tincidunt in augue.\r\nInteger nec placerat mi.\r\nFusce et faucibus ante, nec lacinia urna.', '', '2021-10-17 19:23:39', NULL),
	(97, 2, 'Blandit Nam Incorporated', 'Curabitur lobortis, quam in dignissim laoreet, dolor diam pellentesque dui, id consectetur velit dui rhoncus velit.\r\nAliquam mauris mi, aliquam sit amet lacinia vel, luctus ut massa.\r\nCurabitur ullamcorper elementum tortor sit amet sodales.', '', '2021-10-17 19:23:39', NULL),
	(98, 2, 'Enim Limited', 'Donec ac nibh libero.\r\nAliquam vel convallis metus.\r\nNullam tempor bibendum velit.', '', '2021-10-17 19:23:39', NULL),
	(99, 3, 'Ipsum Inc.', 'Phasellus pretium finibus consequat.\r\nPhasellus aliquet commodo tellus eu bibendum.\r\nEtiam ac sagittis tellus, id facilisis mauris.\r\nUt sagittis egestas lectus non mollis.', '', '2021-10-17 19:23:39', NULL),
	(100, 1, 'Scelerisque Dui Inc.', 'Class aptent taciti sociosqu ad litora torquent per conubia nostra, per inceptos himenaeos.\r\n\r\nEtiam id leo eu orci pharetra efficitur aliquet eu nunc.\r\nVivamus vitae lacinia nibh.', '', '2021-10-17 19:23:39', NULL),
	(101, 461, 'Lucian Staniak', 'Dijo: "No existe ninguna felicidad sin lágrimas"', '', '2021-11-28 14:03:35', '2021-11-28 14:05:37'),
	(102, 1, 'Blogspot #a1', 'Donec neque mi, malesuada tincidunt lacus in, hendrerit varius metus.\r\nEtiam ultrices imperdiet dolor, eu consectetur dui vestibulum sit amet.\r\nDonec nec massa sollicitudin, mollis diam in, fermentum elit.', '', '2021-12-04 17:35:41', '2021-12-04 17:35:41'),
	(103, 1, 'Blogspot #a12', 'Suspendisse sagittis iaculis turpis a vehicula.\r\nProin mattis turpis nunc, nec suscipit est sagittis eu.\r\nEtiam consequat non nisi in pellentesque.', '', '2021-12-04 17:55:56', '2021-12-04 17:55:56'),
	(104, 1, 'Blogspot #a3', 'Quisque sodales varius orci, nec porta augue blandit nec.\r\nDonec porttitor odio at consectetur consequat.', '', '2021-12-04 17:57:39', '2021-12-04 17:57:39'),
	(105, 1, 'Blogspot #a14', 'Vivamus vitae lacinia nibh.\r\nDonec neque mi, malesuada tincidunt lacus in, hendrerit varius metus.\r\nEtiam ultrices imperdiet dolor, eu consectetur dui vestibulum sit amet.\r\nDonec nec massa sollicitudin, mollis diam in, fermentum elit.\r\nSuspendisse sagittis iaculis turpis a vehicula.\r\nProin mattis turpis nunc, nec suscipit est sagittis eu.', '', '2021-12-04 17:59:04', '2021-12-04 17:59:04'),
	(106, 1, 'Blogspot #a15', 'Etiam ac sagittis tellus, id facilisis mauris.\r\nUt sagittis egestas lectus non mollis.\r\nClass aptent taciti sociosqu ad litora torquent per conubia nostra, per inceptos himenaeos.\r\n\r\nEtiam id leo eu orci pharetra efficitur aliquet eu nunc.', '20211204182656_composer.jpg', '2021-12-04 18:03:28', '2021-12-04 18:03:28'),
	(107, 1, 'Blogspot #a16', 'Donec neque mi, malesuada tincidunt lacus in, hendrerit varius metus.\r\nEtiam ultrices imperdiet dolor, eu consectetur dui vestibulum sit amet.\r\nDonec nec massa sollicitudin, mollis diam in, fermentum elit.\r\nSuspendisse sagittis iaculis turpis a vehicula.', '20211204183118_comenzamos2.jpg', '2021-12-04 18:03:28', '2021-12-04 18:03:28'),
	(108, 1, 'Blogspot #a17', 'Proin mattis turpis nunc, nec suscipit est sagittis eu.\r\nEtiam consequat non nisi in pellentesque.\r\nQuisque sodales varius orci, nec porta augue blandit nec.\r\nDonec porttitor odio at consectetur consequat.', NULL, '2021-12-04 18:14:45', '2021-12-04 18:14:45'),
	(109, 1, 'Blogspot #a18', 'Curabitur ullamcorper elementum tortor sit amet sodales.\r\nDonec ac nibh libero.\r\nAliquam vel convallis metus.\r\nNullam tempor bibendum velit.\r\nPhasellus pretium finibus consequat.\r\nPhasellus aliquet commodo tellus eu bibendum.', NULL, '2021-12-04 18:25:51', '2021-12-04 18:25:51'),
	(110, 1, 'Blogspot #a19', 'Fusce et faucibus ante, nec lacinia urna.\r\nCurabitur lobortis, quam in dignissim laoreet, dolor diam pellentesque dui, id consectetur velit dui rhoncus velit.\r\nAliquam mauris mi, aliquam sit amet lacinia vel, luctus ut massa.', NULL, '2021-12-04 18:31:03', '2021-12-04 18:31:03'),
	(111, 1, 'Blogspot 1', 'Duis sit amet turpis a elit varius gravida quis vitae tortor.\r\nVivamus at urna elementum, imperdiet mauris vitae, facilisis sem.\r\nNunc augue ipsum, porta at tellus ac, dictum feugiat velit.\r\n\r\nVestibulum id sem vel enim consectetur hendrerit tincidunt in augue.', NULL, '2021-12-05 13:40:45', '2021-12-05 13:40:45'),
	(112, 401, 'Blogspot 222', 'Curabitur tempor lectus vel auctor scelerisque.\r\nAliquam euismod tempus purus sit amet dapibus.\r\n\r\nAenean ac vestibulum massa.\r\nUt id sem risus.\r\nDuis quis erat faucibus tellus consequat luctus.\r\nNam ut tellus mi.', NULL, '2021-12-05 13:43:34', '2021-12-05 13:57:54');
/*!40000 ALTER TABLE `blog` ENABLE KEYS */;

-- Volcando estructura para tabla pythonflaskcontactos.contactos
CREATE TABLE IF NOT EXISTS `contactos` (
  `id` int(11) NOT NULL AUTO_INCREMENT,
  `nombre` varchar(255) COLLATE utf8mb4_unicode_ci NOT NULL,
  `telefono` varchar(255) COLLATE utf8mb4_unicode_ci NOT NULL,
  `email` varchar(255) COLLATE utf8mb4_unicode_ci NOT NULL,
  `created_at` datetime NOT NULL,
  `updated_at` datetime NOT NULL,
  PRIMARY KEY (`id`)
) ENGINE=InnoDB AUTO_INCREMENT=7 DEFAULT CHARSET=utf8mb4 COLLATE=utf8mb4_unicode_ci;

-- Volcando datos para la tabla pythonflaskcontactos.contactos: ~6 rows (aproximadamente)
/*!40000 ALTER TABLE `contactos` DISABLE KEYS */;
INSERT INTO `contactos` (`id`, `nombre`, `telefono`, `email`, `created_at`, `updated_at`) VALUES
	(1, 'José David', '77777772', 'roberto@gmail.com', '2021-09-16 13:19:44', '2021-09-16 13:19:44'),
	(3, 'abcd', '+1123456789', '1@gmail.com', '2021-09-16 18:31:36', '2021-09-16 18:31:36'),
	(4, 'df', '+112345678', 'test@eydosdev.com', '2021-09-16 18:31:36', '2021-09-16 18:31:36'),
	(5, 'Jonás Mortero', '+525556581113', 'joe@gmail.com.mx', '2021-09-16 19:20:28', '2021-09-16 19:35:06'),
	(6, 'Sandra Gómez', '+12344656789', 'sandara@gmail.com', '2021-09-19 19:40:50', '2021-09-19 19:40:50');
/*!40000 ALTER TABLE `contactos` ENABLE KEYS */;

-- Volcando estructura para tabla pythonflaskcontactos.testwtf
CREATE TABLE IF NOT EXISTS `testwtf` (
  `id` int(11) NOT NULL AUTO_INCREMENT,
  `nombre` varchar(255) COLLATE utf8mb4_unicode_ci NOT NULL,
  `email` varchar(255) COLLATE utf8mb4_unicode_ci NOT NULL,
  `created_at` datetime NOT NULL,
  `updated_at` datetime NOT NULL,
  PRIMARY KEY (`id`)
) ENGINE=InnoDB AUTO_INCREMENT=5 DEFAULT CHARSET=utf8mb4 COLLATE=utf8mb4_unicode_ci;

-- Volcando datos para la tabla pythonflaskcontactos.testwtf: ~2 rows (aproximadamente)
/*!40000 ALTER TABLE `testwtf` DISABLE KEYS */;
INSERT INTO `testwtf` (`id`, `nombre`, `email`, `created_at`, `updated_at`) VALUES
	(1, 'Otro', 'otro@gmail.com', '2021-09-12 17:21:15', '2021-09-12 17:21:15'),
	(4, 'Otros', 'otros@gmail.com', '2021-09-16 13:19:44', '2021-09-16 13:19:44');
/*!40000 ALTER TABLE `testwtf` ENABLE KEYS */;

-- Volcando estructura para tabla pythonflaskcontactos.users
CREATE TABLE IF NOT EXISTS `users` (
  `id` int(11) NOT NULL AUTO_INCREMENT,
  `nombre` varchar(255) COLLATE utf8mb4_unicode_ci NOT NULL,
  `email` varchar(255) COLLATE utf8mb4_unicode_ci NOT NULL,
  `contrasena` varchar(255) COLLATE utf8mb4_unicode_ci NOT NULL,
  `created_at` datetime NOT NULL,
  `updated_at` datetime NOT NULL,
  PRIMARY KEY (`id`)
) ENGINE=InnoDB AUTO_INCREMENT=507 DEFAULT CHARSET=utf8mb4 COLLATE=utf8mb4_unicode_ci;

-- Volcando datos para la tabla pythonflaskcontactos.users: ~374 rows (aproximadamente)
/*!40000 ALTER TABLE `users` DISABLE KEYS */;
INSERT INTO `users` (`id`, `nombre`, `email`, `contrasena`, `created_at`, `updated_at`) VALUES
	(1, 'David Durán', 'official.dduran@gmail.com', '$2b$12$ecrObtGA/CTOWqjrU7HSkO2MBOTZYWQ7ggS0IOyW/316jtfelwICC', '2021-09-12 17:07:00', '2021-09-16 15:17:11'),
	(2, 'Josefino Mota', 'josefino@gmail.com', '$2b$12$NN1fmPCQZDIx/4DLM76jquVW4GJDiFYqaEGAqBARIg/ideQs0Ijua', '2021-10-24 15:03:25', '2021-11-20 17:38:08'),
	(3, 'Marta', 'marta@gmail.com', '$2b$12$E/sQSiVumDmwFqOqPpbFSOpZngu4mKljwciSY1MTgwsaSJ1az4nAK', '2021-10-24 15:03:44', '2021-11-13 16:05:59'),
	(176, 'Vera Valencia', 'posuere.cubilia.curae@suspendisse.net', '826649', '2021-10-31 00:00:00', '2021-10-31 00:00:00'),
	(177, 'Wyoming Raymond', 'arcu.et@dapibusquam.com', '8151', '2021-10-31 00:00:00', '2021-10-31 00:00:00'),
	(178, 'Mary Henry', 'sem.egestas.blandit@metuseuerat.co.uk', '5188 HO', '2021-10-31 00:00:00', '2021-10-31 00:00:00'),
	(179, 'Bell Fisher', 'placerat.eget@luctusfelispurus.net', '20662', '2021-10-31 00:00:00', '2021-10-31 00:00:00'),
	(180, 'Vivian Malone', 'aliquet@blanditcongue.org', '61304-45192', '2021-10-31 00:00:00', '2021-10-31 00:00:00'),
	(181, 'Vernon Estrada', 'nunc.quis@pedesagittisaugue.org', '1678 QE', '2021-10-31 00:00:00', '2021-10-31 00:00:00'),
	(182, 'Pandora Gilmore', 'posuere.cubilia.curae@egetlacus.co.uk', '21207', '2021-10-31 00:00:00', '2021-10-31 00:00:00'),
	(183, 'Justina Melton', 'curabitur.egestas@netuset.net', '2133', '2021-10-31 00:00:00', '2021-10-31 00:00:00'),
	(184, 'Ferdinand Bartlett', 'ornare@aduicras.org', '20584', '2021-10-31 00:00:00', '2021-10-31 00:00:00'),
	(185, 'Sean Charles', 'semper.cursus.integer@luctusipsumleo.org', '77474', '2021-10-31 00:00:00', '2021-10-31 00:00:00'),
	(186, 'Hakeem Wolf', 'faucibus.orci@etmagnisdis.co.uk', '52231', '2021-10-31 00:00:00', '2021-10-31 00:00:00'),
	(187, 'Mark Howe', 'cras.eget@nectellus.com', '42738', '2021-10-31 00:00:00', '2021-10-31 00:00:00'),
	(188, 'Brynn Buck', 'integer.vulputate.risus@enim.ca', '63718', '2021-10-31 00:00:00', '2021-10-31 00:00:00'),
	(189, 'Halee Nixon', 'pharetra@gravidanuncsed.co.uk', '612362', '2021-10-31 00:00:00', '2021-10-31 00:00:00'),
	(190, 'Zane Spears', 'id.nunc@euismod.ca', '1159', '2021-10-31 00:00:00', '2021-10-31 00:00:00'),
	(191, 'Perry Burnett', 'purus.accumsan.interdum@fermentumrisus.com', '68183', '2021-10-31 00:00:00', '2021-10-31 00:00:00'),
	(192, 'Fleur Emerson', 'nisi@fringillacursuspurus.net', 'A9N 8H5', '2021-10-31 00:00:00', '2021-10-31 00:00:00'),
	(193, 'Thor Fitzpatrick', 'enim.curabitur.massa@mifelisadipiscing.net', '441495', '2021-10-31 00:00:00', '2021-10-31 00:00:00'),
	(194, 'Chadwick Flowers', 'ut.dolor@aneque.edu', '25842', '2021-10-31 00:00:00', '2021-10-31 00:00:00'),
	(195, 'Brett Berry', 'rutrum.eu@habitantmorbitristique.org', '62343', '2021-10-31 00:00:00', '2021-10-31 00:00:00'),
	(196, 'Zane Collins', 'risus.donec.egestas@eratin.com', '2572', '2021-10-31 00:00:00', '2021-10-31 00:00:00'),
	(197, 'Derek Bean', 'natoque@necmetus.org', '265983', '2021-10-31 00:00:00', '2021-10-31 00:00:00'),
	(198, 'Hashim Gaines', 'lectus.rutrum.urna@nunc.co.uk', '74206', '2021-10-31 00:00:00', '2021-10-31 00:00:00'),
	(199, 'Uriah Gallegos', 'vivamus.molestie@sitametmetus.com', '5023 DC', '2021-10-31 00:00:00', '2021-10-31 00:00:00'),
	(200, 'Gregory Figueroa', 'elit@congueturpisin.org', '363172', '2021-10-31 00:00:00', '2021-10-31 00:00:00'),
	(201, 'Knox Hood', 'elementum.sem@iderat.com', '83751', '2021-10-31 00:00:00', '2021-10-31 00:00:00'),
	(202, 'Nash Hess', 'non.sapien@sedleo.ca', 'H6H 8H1', '2021-10-31 00:00:00', '2021-10-31 00:00:00'),
	(203, 'Joan Murray', 'cras.dictum@sagittislobortis.org', '6551', '2021-10-31 00:00:00', '2021-10-31 00:00:00'),
	(204, 'Wilma Montgomery', 'vel@duiscursusdiam.org', '65820', '2021-10-31 00:00:00', '2021-10-31 00:00:00'),
	(205, 'Nadine Boyer', 'nulla.dignissim@enimsuspendissealiquet.ca', '6759', '2021-10-31 00:00:00', '2021-10-31 00:00:00'),
	(206, 'Abraham Schroeder', 'taciti.sociosqu.ad@aliquamnisl.net', '09560', '2021-10-31 00:00:00', '2021-10-31 00:00:00'),
	(207, 'Omar Payne', 'praesent.eu.nulla@cubiliacurae.edu', '3355', '2021-10-31 00:00:00', '2021-10-31 00:00:00'),
	(208, 'Sylvester Bell', 'quis.diam@eratnonummy.org', 'Y8K 8P6', '2021-10-31 00:00:00', '2021-10-31 00:00:00'),
	(209, 'Sharon Morales', 'faucibus@tristiquepellentesquetellus.com', 'N2 1ZA', '2021-10-31 00:00:00', '2021-10-31 00:00:00'),
	(210, 'Jesse Hendrix', 'praesent.interdum@aenean.ca', '34763', '2021-10-31 00:00:00', '2021-10-31 00:00:00'),
	(211, 'Leroy Knight', 'aliquam.gravida.mauris@sapien.com', '29324', '2021-10-31 00:00:00', '2021-10-31 00:00:00'),
	(212, 'Kadeem Trevino', 'interdum.enim@tortornunc.net', '629151', '2021-10-31 00:00:00', '2021-10-31 00:00:00'),
	(213, 'Deborah Benjamin', 'placerat@acturpis.org', '20-108', '2021-10-31 00:00:00', '2021-10-31 00:00:00'),
	(214, 'Kameko Goff', 'mus@risusvariusorci.com', '3658', '2021-10-31 00:00:00', '2021-10-31 00:00:00'),
	(215, 'Desirae Pugh', 'enim@dignissimpharetra.ca', '441615', '2021-10-31 00:00:00', '2021-10-31 00:00:00'),
	(216, 'Dennis Peck', 'cursus.et.eros@estmaurisrhoncus.com', '4863', '2021-10-31 00:00:00', '2021-10-31 00:00:00'),
	(217, 'Jaime Clarke', 'pede.sagittis.augue@justofaucibus.co.uk', '67467-56807', '2021-10-31 00:00:00', '2021-10-31 00:00:00'),
	(218, 'Vladimir Horne', 'diam.at@nisinibh.net', '42791', '2021-10-31 00:00:00', '2021-10-31 00:00:00'),
	(219, 'Christine Levine', 'malesuada@convalliserat.com', '42718', '2021-10-31 00:00:00', '2021-10-31 00:00:00'),
	(220, 'Howard Nguyen', 'facilisis@mi.com', '4846 PJ', '2021-10-31 00:00:00', '2021-10-31 00:00:00'),
	(221, 'Armand Santiago', 'risus@utpellentesque.net', '56X 6E7', '2021-10-31 00:00:00', '2021-10-31 00:00:00'),
	(222, 'Ross Coffey', 'congue.in.scelerisque@tacitisociosqu.net', 'L4A 5N8', '2021-10-31 00:00:00', '2021-10-31 00:00:00'),
	(223, 'Hadley Ramirez', 'arcu.vivamus@atlacus.net', '20965', '2021-10-31 00:00:00', '2021-10-31 00:00:00'),
	(224, 'Thaddeus O\'brien', 'egestas@libero.co.uk', '64629', '2021-10-31 00:00:00', '2021-10-31 00:00:00'),
	(225, 'Stephen Pace', 'sed@pellentesquemassa.com', '386523', '2021-10-31 00:00:00', '2021-10-31 00:00:00'),
	(226, 'Laurel Bray', 'eleifend.egestas.sed@mauris.ca', '07476', '2021-10-31 00:00:00', '2021-10-31 00:00:00'),
	(227, 'Kennan Blankenship', 'dolor@nullacras.com', '874277', '2021-10-31 00:00:00', '2021-10-31 00:00:00'),
	(228, 'Sopoline Talley', 'cum@noncursus.com', '647862', '2021-10-31 00:00:00', '2021-10-31 00:00:00'),
	(229, 'Xenos Hudson', 'proin@cursus.co.uk', '37-425', '2021-10-31 00:00:00', '2021-10-31 00:00:00'),
	(230, 'Samson Pena', 'dis.parturient@nisl.net', '40316', '2021-10-31 00:00:00', '2021-10-31 00:00:00'),
	(231, 'Megan Steele', 'orci@auguemalesuada.co.uk', '11555', '2021-10-31 00:00:00', '2021-10-31 00:00:00'),
	(232, 'Zachery Vinson', 'aliquam.rutrum@pharetrasedhendrerit.ca', '934564', '2021-10-31 00:00:00', '2021-10-31 00:00:00'),
	(233, 'Kaseem Pugh', 'auctor.vitae@dolorsit.edu', 'O6E 1G3', '2021-10-31 00:00:00', '2021-10-31 00:00:00'),
	(234, 'Penelope Hill', 'neque.nullam.nisl@integerinmagna.com', '4161', '2021-10-31 00:00:00', '2021-10-31 00:00:00'),
	(235, 'Naida Lang', 'vivamus.rhoncus.donec@nislnulla.ca', '282618', '2021-10-31 00:00:00', '2021-10-31 00:00:00'),
	(236, 'Rebecca Sullivan', 'turpis.in@actellus.ca', '34388', '2021-10-31 00:00:00', '2021-10-31 00:00:00'),
	(237, 'Marcia Lang', 'magna.et@nec.com', '1838', '2021-10-31 00:00:00', '2021-10-31 00:00:00'),
	(238, 'Gil Maldonado', 'malesuada.id.erat@morbi.edu', '2458', '2021-10-31 00:00:00', '2021-10-31 00:00:00'),
	(239, 'Paloma Kennedy', 'nec@vulputateeu.edu', '2473', '2021-10-31 00:00:00', '2021-10-31 00:00:00'),
	(240, 'Sade Malone', 'aliquam.auctor@liberonecligula.edu', 'L9E 6E4', '2021-10-31 00:00:00', '2021-10-31 00:00:00'),
	(241, 'Shay Carey', 'eget.ipsum@morbitristique.com', '47987-45342', '2021-10-31 00:00:00', '2021-10-31 00:00:00'),
	(242, 'Yolanda Harrington', 'dolor.vitae.dolor@sedetlibero.ca', '81384-285', '2021-10-31 00:00:00', '2021-10-31 00:00:00'),
	(243, 'Vincent Bowen', 'ligula.aenean.euismod@eterosproin.org', '48918', '2021-10-31 00:00:00', '2021-10-31 00:00:00'),
	(244, 'Bianca Vang', 'odio.auctor@integer.co.uk', '24373', '2021-10-31 00:00:00', '2021-10-31 00:00:00'),
	(245, 'Kato Hatfield', 'aliquam.eros@nullam.com', '218753', '2021-10-31 00:00:00', '2021-10-31 00:00:00'),
	(246, 'Zena Watts', 'sollicitudin.a.malesuada@egetnisidictum.ca', '2759', '2021-10-31 00:00:00', '2021-10-31 00:00:00'),
	(247, 'Kimberley Gardner', 'ullamcorper.duis@pharetranam.net', '3527', '2021-10-31 00:00:00', '2021-10-31 00:00:00'),
	(248, 'Bert Mcguire', 'vitae.erat.vivamus@vitaeorci.net', '43447', '2021-10-31 00:00:00', '2021-10-31 00:00:00'),
	(249, 'Tobias Rodgers', 'nullam.scelerisque@porttitor.com', '18256', '2021-10-31 00:00:00', '2021-10-31 00:00:00'),
	(250, 'Tanek Horn', 'sed.libero.proin@laoreet.net', '18738', '2021-10-31 00:00:00', '2021-10-31 00:00:00'),
	(251, 'Ashton Mueller', 'aenean@eusem.org', '28283', '2021-10-31 00:00:00', '2021-10-31 00:00:00'),
	(252, 'Oprah Hayden', 'proin.eget@magnased.ca', '885872', '2021-10-31 00:00:00', '2021-10-31 00:00:00'),
	(253, 'Ann Noble', 'in.tempus@maurisnon.net', '416185', '2021-10-31 00:00:00', '2021-10-31 00:00:00'),
	(254, 'Grant Gilbert', 'metus.facilisis.lorem@anteblandit.edu', '162878', '2021-10-31 00:00:00', '2021-10-31 00:00:00'),
	(255, 'Felix Macdonald', 'nec.enim@ullamcorperduis.ca', '400999', '2021-10-31 00:00:00', '2021-10-31 00:00:00'),
	(256, 'Savannah Gallegos', 'montes.nascetur@pulvinararcu.edu', '11810', '2021-10-31 00:00:00', '2021-10-31 00:00:00'),
	(257, 'Reed Cain', 'a.neque@tempus.org', '823518', '2021-10-31 00:00:00', '2021-10-31 00:00:00'),
	(258, 'Callum Santiago', 'nec.cursus.a@mipedenonummy.com', '38636-43267', '2021-10-31 00:00:00', '2021-10-31 00:00:00'),
	(259, 'Gregory Welch', 'orci.ut@suscipitest.org', '21603', '2021-10-31 00:00:00', '2021-10-31 00:00:00'),
	(260, 'Calvin Madden', 'rhoncus.donec@felisadipiscing.co.uk', '11038', '2021-10-31 00:00:00', '2021-10-31 00:00:00'),
	(261, 'Willow Bowers', 'magna.nam.ligula@aaliquet.ca', '00585', '2021-10-31 00:00:00', '2021-10-31 00:00:00'),
	(262, 'Dane Madden', 'metus@sed.com', '8303', '2021-10-31 00:00:00', '2021-10-31 00:00:00'),
	(263, 'Imelda Young', 'elit.pellentesque@commodohendreritdonec.co.uk', '6824', '2021-10-31 00:00:00', '2021-10-31 00:00:00'),
	(264, 'Wynter Mckenzie', 'donec.tincidunt@ligula.co.uk', '21533-774', '2021-10-31 00:00:00', '2021-10-31 00:00:00'),
	(265, 'Aaron Velez', 'est.tempor@pellentesquehabitant.com', '3409 JX', '2021-10-31 00:00:00', '2021-10-31 00:00:00'),
	(266, 'Ciaran Dalton', 'urna.ut.tincidunt@maurisnullainteger.co.uk', '28483', '2021-10-31 00:00:00', '2021-10-31 00:00:00'),
	(267, 'Yvonne Oliver', 'enim.sed@namacnulla.ca', '8583', '2021-10-31 00:00:00', '2021-10-31 00:00:00'),
	(268, 'Hillary Travis', 'tincidunt.neque.vitae@nequeet.edu', 'Y6G 3H2', '2021-10-31 00:00:00', '2021-10-31 00:00:00'),
	(269, 'Hu Bishop', 'tincidunt.donec.vitae@nec.edu', '539666', '2021-10-31 00:00:00', '2021-10-31 00:00:00'),
	(270, 'Dante Cooke', 'quis.arcu@id.com', '14575', '2021-10-31 00:00:00', '2021-10-31 00:00:00'),
	(271, 'Sarah Dyer', 'ullamcorper@consectetuermauris.org', '31557176', '2021-10-31 00:00:00', '2021-10-31 00:00:00'),
	(272, 'Todd Lowery', 'faucibus.leo.in@sedduifusce.net', '50114-13623', '2021-10-31 00:00:00', '2021-10-31 00:00:00'),
	(273, 'Jesse Reese', 'vel@fuscedolor.net', '3397 BQ', '2021-10-31 00:00:00', '2021-10-31 00:00:00'),
	(274, 'Tatum Richard', 'duis.elementum@tinciduntduiaugue.com', '297155', '2021-10-31 00:00:00', '2021-10-31 00:00:00'),
	(275, 'Murphy Rocha', 'sapien.gravida@praesenteu.edu', '1100', '2021-10-31 00:00:00', '2021-10-31 00:00:00'),
	(276, 'Tanya Small', 'quisque@venenatisvel.edu', '4584', '2021-10-31 00:00:00', '2021-10-31 00:00:00'),
	(277, 'Alden Diaz', 'sed.neque.sed@vitaemauris.ca', '60917', '2021-10-31 00:00:00', '2021-10-31 00:00:00'),
	(278, 'Quail Weaver', 'in.molestie@auctor.org', '13324-927', '2021-10-31 00:00:00', '2021-10-31 00:00:00'),
	(279, 'Macey Hart', 'eros.nam@quamvel.co.uk', '3601', '2021-10-31 00:00:00', '2021-10-31 00:00:00'),
	(280, 'Clayton Buckner', 'cursus.a@eratetiam.co.uk', '181271', '2021-10-31 00:00:00', '2021-10-31 00:00:00'),
	(281, 'Kadeem Macdonald', 'nullam@aliquetvel.org', '66G 7K9', '2021-10-31 00:00:00', '2021-10-31 00:00:00'),
	(282, 'Nita Rivers', 'sed.et@nulla.edu', '7251', '2021-10-31 00:00:00', '2021-10-31 00:00:00'),
	(283, 'Cleo Mckay', 'augue@duis.edu', '67372', '2021-10-31 00:00:00', '2021-10-31 00:00:00'),
	(284, 'Elvis Pickett', 'et@orci.co.uk', '16544', '2021-10-31 00:00:00', '2021-10-31 00:00:00'),
	(285, 'Erica Patel', 'eget.varius.ultrices@in.org', '08201', '2021-10-31 00:00:00', '2021-10-31 00:00:00'),
	(286, 'Molly Emerson', 'nisi.nibh@aeneanmassa.org', '95271', '2021-10-31 00:00:00', '2021-10-31 00:00:00'),
	(287, 'Kalia Rodgers', 'proin.sed@montesnascetur.net', '244168', '2021-10-31 00:00:00', '2021-10-31 00:00:00'),
	(288, 'Meredith Carney', 'donec.luctus.aliquet@eutellus.co.uk', '54415', '2021-10-31 00:00:00', '2021-10-31 00:00:00'),
	(289, 'Nero Hickman', 'pellentesque.massa@aliquamnec.ca', '27268', '2021-10-31 00:00:00', '2021-10-31 00:00:00'),
	(290, 'Scarlett Garner', 'phasellus.at@porttitortellus.org', '73828', '2021-10-31 00:00:00', '2021-10-31 00:00:00'),
	(291, 'Fitzgerald Tillman', 'nec.orci@quisque.edu', '6995', '2021-10-31 00:00:00', '2021-10-31 00:00:00'),
	(292, 'Russell Haynes', 'in.consectetuer@volutpatnunc.net', '953345', '2021-10-31 00:00:00', '2021-10-31 00:00:00'),
	(293, 'Yetta Puckett', 'elit@magna.co.uk', '03361', '2021-10-31 00:00:00', '2021-10-31 00:00:00'),
	(294, 'Hashim Gilbert', 'phasellus.libero@consequatdolor.org', '1121 MI', '2021-10-31 00:00:00', '2021-10-31 00:00:00'),
	(295, 'Zephania Gilbert', 'neque.tellus.imperdiet@nonarcu.edu', '10281', '2021-10-31 00:00:00', '2021-10-31 00:00:00'),
	(296, 'Kylan Castro', 'malesuada.fringilla@suspendissetristique.ca', 'T3Y 8E0', '2021-10-31 00:00:00', '2021-10-31 00:00:00'),
	(297, 'Athena Cotton', 'vestibulum.mauris.magna@orci.co.uk', 'U5J 4R2', '2021-10-31 00:00:00', '2021-10-31 00:00:00'),
	(298, 'Cullen Adams', 'vel@lectusconvallis.net', '14530', '2021-10-31 00:00:00', '2021-10-31 00:00:00'),
	(299, 'Malachi Suarez', 'augue@risusquis.com', '13333', '2021-10-31 00:00:00', '2021-10-31 00:00:00'),
	(300, 'Acton Bryant', 'etiam.imperdiet@vivamusrhoncus.edu', 'A7B 7J8', '2021-10-31 00:00:00', '2021-10-31 00:00:00'),
	(301, 'Roanna Richardson', 'cum@utaliquam.co.uk', '698979', '2021-10-31 00:00:00', '2021-10-31 00:00:00'),
	(302, 'Hamish Morrison', 'quam@idsapiencras.com', 'I2W 7W2', '2021-10-31 00:00:00', '2021-10-31 00:00:00'),
	(303, 'Brynne Dyer', 'urna@musproin.ca', '45-193', '2021-10-31 00:00:00', '2021-10-31 00:00:00'),
	(304, 'Dana Bray', 'eu.lacus.quisque@ornare.ca', 'G29 3OA', '2021-10-31 00:00:00', '2021-10-31 00:00:00'),
	(305, 'Gregory Gray', 'interdum.enim.non@sagittisfelis.org', '94735', '2021-10-31 00:00:00', '2021-10-31 00:00:00'),
	(306, 'Dieter Thomas', 'amet.dapibus@sit.net', 'R5R 4V2', '2021-10-31 00:00:00', '2021-10-31 00:00:00'),
	(307, 'Grace Larsen', 'eget@adipiscing.ca', '856387', '2021-10-31 00:00:00', '2021-10-31 00:00:00'),
	(308, 'Francesca Ellis', 'aenean@eget.org', '321171', '2021-10-31 00:00:00', '2021-10-31 00:00:00'),
	(309, 'Brendan Watson', 'aliquam.ultrices@donecporttitor.net', '8773', '2021-10-31 00:00:00', '2021-10-31 00:00:00'),
	(310, 'Matthew Perry', 'fringilla@tempusscelerisque.org', '62543', '2021-10-31 00:00:00', '2021-10-31 00:00:00'),
	(311, 'Sarah Meyer', 'urna.nec@lectusquis.ca', '3379 CO', '2021-10-31 00:00:00', '2021-10-31 00:00:00'),
	(312, 'Erich Shaffer', 'volutpat.nunc.sit@necluctusfelis.ca', '693842', '2021-10-31 00:00:00', '2021-10-31 00:00:00'),
	(313, 'Duncan Sawyer', 'molestie.tortor@tincidunt.edu', '249868', '2021-10-31 00:00:00', '2021-10-31 00:00:00'),
	(314, 'Signe Sanders', 'ac@maurisaliquameu.edu', '264365', '2021-10-31 00:00:00', '2021-10-31 00:00:00'),
	(315, 'Keaton Meyer', 'felis.nulla@cras.org', '735692', '2021-10-31 00:00:00', '2021-10-31 00:00:00'),
	(316, 'Ray Hess', 'nec.orci@aliquam.org', '0655 GE', '2021-10-31 00:00:00', '2021-10-31 00:00:00'),
	(317, 'Jorden Hess', 'lacus.mauris@enimgravida.net', '11828', '2021-10-31 00:00:00', '2021-10-31 00:00:00'),
	(318, 'Orlando York', 'ut.aliquam@dignissimlacusaliquam.ca', '24518', '2021-10-31 00:00:00', '2021-10-31 00:00:00'),
	(319, 'Chase Keith', 'fusce@luctusetultrices.edu', '83566', '2021-10-31 00:00:00', '2021-10-31 00:00:00'),
	(320, 'Chandler Hayes', 'elementum@sapiennuncpulvinar.ca', '5867', '2021-10-31 00:00:00', '2021-10-31 00:00:00'),
	(321, 'Wang Stone', 'cras.interdum@interdumnunc.com', '04973', '2021-10-31 00:00:00', '2021-10-31 00:00:00'),
	(322, 'Fritz Booker', 'eget.magna@sempercursus.co.uk', '58514', '2021-10-31 00:00:00', '2021-10-31 00:00:00'),
	(323, 'Iona Bean', 'dapibus.gravida@maurisut.com', '48061', '2021-10-31 00:00:00', '2021-10-31 00:00:00'),
	(324, 'Mary Key', 'eget@portaelita.org', '22750', '2021-10-31 00:00:00', '2021-10-31 00:00:00'),
	(325, 'Hayfa Rocha', 'donec.est@urnanecluctus.ca', '614571', '2021-10-31 00:00:00', '2021-10-31 00:00:00'),
	(326, 'Richard Grant', 'egestas.hendrerit@metusinnec.org', '41213', '2021-10-31 00:00:00', '2021-10-31 00:00:00'),
	(327, 'Carl Frederick', 'sed.facilisis.vitae@nisl.org', '1650', '2021-10-31 00:00:00', '2021-10-31 00:00:00'),
	(328, 'Meghan Thornton', 'penatibus.et@ipsumporta.net', 'Y9 3MR', '2021-10-31 00:00:00', '2021-10-31 00:00:00'),
	(329, 'Palmer Wade', 'in.hendrerit@inmi.net', '524407', '2021-10-31 00:00:00', '2021-10-31 00:00:00'),
	(330, 'Brittany Gamble', 'nulla.facilisi@ligulaeuenim.org', '72-271', '2021-10-31 00:00:00', '2021-10-31 00:00:00'),
	(331, 'Shelley Dunn', 'nunc.mauris@semmagnanec.ca', '52976', '2021-10-31 00:00:00', '2021-10-31 00:00:00'),
	(332, 'Suki Saunders', 'nunc@eunulla.org', '367345', '2021-10-31 00:00:00', '2021-10-31 00:00:00'),
	(333, 'Lacota O\'neill', 'magna.praesent.interdum@proinnon.co.uk', '981177', '2021-10-31 00:00:00', '2021-10-31 00:00:00'),
	(334, 'Karleigh Hicks', 'metus.urna@eget.ca', '85-731', '2021-10-31 00:00:00', '2021-10-31 00:00:00'),
	(335, 'Baxter James', 'in.molestie@necquam.com', '321340', '2021-10-31 00:00:00', '2021-10-31 00:00:00'),
	(336, 'Asher Gilbert', 'magna.ut@laoreetlibero.com', '50102', '2021-10-31 00:00:00', '2021-10-31 00:00:00'),
	(337, 'Brittany Hendrix', 'mollis.vitae@inmagnaphasellus.org', '325417', '2021-10-31 00:00:00', '2021-10-31 00:00:00'),
	(338, 'Tanisha Bridges', 'erat.semper.rutrum@dolor.co.uk', '54727', '2021-10-31 00:00:00', '2021-10-31 00:00:00'),
	(339, 'Hyacinth Reyes', 'molestie.orci@nequesed.net', '628438', '2021-10-31 00:00:00', '2021-10-31 00:00:00'),
	(340, 'Tanner Long', 'morbi.neque.tellus@vulputatevelit.ca', '26583-889', '2021-10-31 00:00:00', '2021-10-31 00:00:00'),
	(341, 'Evan Burris', 'mollis@ipsumnon.com', '88403', '2021-10-31 00:00:00', '2021-10-31 00:00:00'),
	(342, 'Russell Hoover', 'imperdiet.dictum@sedtortor.edu', '31859', '2021-10-31 00:00:00', '2021-10-31 00:00:00'),
	(343, 'Colleen Meadows', 'at.fringilla@gravidapraesent.co.uk', '23774', '2021-10-31 00:00:00', '2021-10-31 00:00:00'),
	(344, 'Gregory Owens', 'nulla.eget.metus@cursusa.co.uk', '55344-539', '2021-10-31 00:00:00', '2021-10-31 00:00:00'),
	(345, 'Illana Stanton', 'nec@nonhendreritid.ca', '57533', '2021-10-31 00:00:00', '2021-10-31 00:00:00'),
	(346, 'Virginia Foley', 'rutrum@donecfringilla.net', '74331', '2021-10-31 00:00:00', '2021-10-31 00:00:00'),
	(347, 'Chandler Golden', 'dui.suspendisse@tincidunt.ca', '46X 5V3', '2021-10-31 00:00:00', '2021-10-31 00:00:00'),
	(348, 'Austin Dorsey', 'donec.vitae.erat@velitjusto.ca', '425987', '2021-10-31 00:00:00', '2021-10-31 00:00:00'),
	(349, 'Jackson Taylor', 'fusce.dolor@a.com', '368654', '2021-10-31 00:00:00', '2021-10-31 00:00:00'),
	(350, 'Rashad Hester', 'sed.tortor@lacus.org', '17326', '2021-10-31 00:00:00', '2021-10-31 00:00:00'),
	(351, 'Dara Mcmahon', 'aliquam.eu.accumsan@nequenullam.co.uk', '2901 RR', '2021-10-31 00:00:00', '2021-10-31 00:00:00'),
	(352, 'Farrah Cunningham', 'integer.eu@orciutsagittis.net', '4414', '2021-10-31 00:00:00', '2021-10-31 00:00:00'),
	(353, 'Buckminster Kramer', 'malesuada.augue@crasvulputatevelit.net', '72387', '2021-10-31 00:00:00', '2021-10-31 00:00:00'),
	(354, 'Carly Woods', 'in.magna.phasellus@phasellusdolor.ca', '16279', '2021-10-31 00:00:00', '2021-10-31 00:00:00'),
	(355, 'Barrett Alexander', 'eu.elit@velarcueu.edu', '11395', '2021-10-31 00:00:00', '2021-10-31 00:00:00'),
	(356, 'Jordan Carlson', 'sagittis.felis@dolorvitaedolor.edu', '23-471', '2021-10-31 00:00:00', '2021-10-31 00:00:00'),
	(357, 'Wyatt Sosa', 'mattis.velit@etpedenunc.com', '9123', '2021-10-31 00:00:00', '2021-10-31 00:00:00'),
	(358, 'Macey Jones', 'arcu.et@nec.com', '80-579', '2021-10-31 00:00:00', '2021-10-31 00:00:00'),
	(359, 'Nasim Mcdaniel', 'tristique.senectus@aliquamornare.net', '97164-556', '2021-10-31 00:00:00', '2021-10-31 00:00:00'),
	(360, 'Valentine Justice', 'sollicitudin.orci@ametante.net', '73855', '2021-10-31 00:00:00', '2021-10-31 00:00:00'),
	(361, 'Ursula Mcpherson', 'euismod.urna@fames.net', '6319', '2021-10-31 00:00:00', '2021-10-31 00:00:00'),
	(362, 'MacKenzie Joseph', 'in.condimentum@tinciduntneque.org', '30102', '2021-10-31 00:00:00', '2021-10-31 00:00:00'),
	(363, 'Quin Joyner', 'curabitur.egestas@utcursus.ca', '9783', '2021-10-31 00:00:00', '2021-10-31 00:00:00'),
	(364, 'Brenna Lane', 'non.hendrerit.id@duicum.org', '78856', '2021-10-31 00:00:00', '2021-10-31 00:00:00'),
	(365, 'Garrison Stone', 'dapibus.quam@elitpellentesquea.co.uk', '68176', '2021-10-31 00:00:00', '2021-10-31 00:00:00'),
	(366, 'Charity Vaughn', 'nibh.dolor@acmattis.com', '50501', '2021-10-31 00:00:00', '2021-10-31 00:00:00'),
	(367, 'Tatum Hill', 'quis.arcu@tinciduntpedeac.com', '83617-07518', '2021-10-31 00:00:00', '2021-10-31 00:00:00'),
	(368, 'Portia Richmond', 'placerat@eu.com', '7265', '2021-10-31 00:00:00', '2021-10-31 00:00:00'),
	(369, 'Hakeem Leon', 'tempor.arcu.vestibulum@cumsociis.com', '13598', '2021-10-31 00:00:00', '2021-10-31 00:00:00'),
	(370, 'Nathan Barrett', 'semper@parturient.ca', '168044', '2021-10-31 00:00:00', '2021-10-31 00:00:00'),
	(371, 'Beck Schwartz', 'semper.rutrum@eratnonummy.org', '2431', '2021-10-31 00:00:00', '2021-10-31 00:00:00'),
	(372, 'Kenyon Lambert', 'diam.eu@amet.com', '3841', '2021-10-31 00:00:00', '2021-10-31 00:00:00'),
	(373, 'Hu Joseph', 'ultricies.sem@et.ca', '872443', '2021-10-31 00:00:00', '2021-10-31 00:00:00'),
	(374, 'Louis Lawson', 'enim.nunc@maurisut.edu', '57505', '2021-10-31 00:00:00', '2021-10-31 00:00:00'),
	(375, 'Dorian Parks', 'ultrices.iaculis.odio@tinciduntvehicularisus.edu', '72983', '2021-10-31 00:00:00', '2021-10-31 00:00:00'),
	(376, 'Dana Weber', 'et@ipsum.org', '185233', '2021-10-31 00:00:00', '2021-10-31 00:00:00'),
	(377, 'Zena Hubbard', 'pede.et.risus@fringilladonec.edu', 'A0Z 8R3', '2021-10-31 00:00:00', '2021-10-31 00:00:00'),
	(378, 'Haley Randall', 'aliquam.ornare@pulvinar.net', '77998-19742', '2021-10-31 00:00:00', '2021-10-31 00:00:00'),
	(379, 'Stone Shepard', 'magna.cras.convallis@vulputaterisus.org', '06854', '2021-10-31 00:00:00', '2021-10-31 00:00:00'),
	(380, 'Joseph Kidd', 'mauris.magna@senectusetnetus.com', '51227', '2021-10-31 00:00:00', '2021-10-31 00:00:00'),
	(381, 'Maxine Sears', 'erat@utcursusluctus.org', '35069', '2021-10-31 00:00:00', '2021-10-31 00:00:00'),
	(382, 'Buckminster Hernandez', 'donec.tempus.lorem@risusduis.net', '3252', '2021-10-31 00:00:00', '2021-10-31 00:00:00'),
	(383, 'Hasad Mccullough', 'vitae.sodales@elementumduiquis.com', 'B57 7ZR', '2021-10-31 00:00:00', '2021-10-31 00:00:00'),
	(384, 'Jin Valencia', 'torquent.per@aliquet.com', '28448', '2021-10-31 00:00:00', '2021-10-31 00:00:00'),
	(385, 'Kieran Buck', 'viverra.donec@id.edu', '63393', '2021-10-31 00:00:00', '2021-10-31 00:00:00'),
	(386, 'Sydney Carney', 'mi.lacinia@ut.com', 'B6B 1V4', '2021-10-31 00:00:00', '2021-10-31 00:00:00'),
	(387, 'Kylan Weber', 'dui@necurnaet.org', '087818', '2021-10-31 00:00:00', '2021-10-31 00:00:00'),
	(388, 'Camden O\'brien', 'quisque.ornare@inhendrerit.co.uk', '3288', '2021-10-31 00:00:00', '2021-10-31 00:00:00'),
	(389, 'Athena Raymond', 'pede.sagittis.augue@ametconsectetuer.ca', '661105', '2021-10-31 00:00:00', '2021-10-31 00:00:00'),
	(390, 'Laura Michael', 'aliquam.ultrices@inscelerisque.net', '7250', '2021-10-31 00:00:00', '2021-10-31 00:00:00'),
	(391, 'Carlos Sexton', 'eu.eros@metusvivamuseuismod.com', '8186', '2021-10-31 00:00:00', '2021-10-31 00:00:00'),
	(392, 'Hanae Hart', 'massa.quisque@nullaat.ca', '06576', '2021-10-31 00:00:00', '2021-10-31 00:00:00'),
	(393, 'Angelica Hodge', 'risus.donec@et.org', '1064', '2021-10-31 00:00:00', '2021-10-31 00:00:00'),
	(394, 'Hashim Benjamin', 'penatibus@imperdietullamcorper.net', '39433', '2021-10-31 00:00:00', '2021-10-31 00:00:00'),
	(395, 'Naomi Graham', 'primis@convallisconvallisdolor.com', '67-837', '2021-10-31 00:00:00', '2021-10-31 00:00:00'),
	(396, 'Angelica Powell', 'donec.vitae.erat@aceleifend.net', '867713', '2021-10-31 00:00:00', '2021-10-31 00:00:00'),
	(397, 'Christian Trevino', 'ac.mattis@acipsumphasellus.co.uk', '43089', '2021-10-31 00:00:00', '2021-10-31 00:00:00'),
	(398, 'Hayes Avery', 'massa.suspendisse@est.co.uk', '2778', '2021-10-31 00:00:00', '2021-10-31 00:00:00'),
	(399, 'Sopoline Clay', 'rutrum@nuncac.com', '72295', '2021-10-31 00:00:00', '2021-10-31 00:00:00'),
	(400, 'Ulric Cote', 'blandit.mattis.cras@nuncmauris.org', '17758-25246', '2021-10-31 00:00:00', '2021-10-31 00:00:00'),
	(401, 'Colby Rasmussen', 'libero@consequatauctor.com', '49B 5T4', '2021-10-31 00:00:00', '2021-10-31 00:00:00'),
	(402, 'Eric Lancaster', 'nullam.velit@pretiumetrutrum.edu', '919777', '2021-10-31 00:00:00', '2021-10-31 00:00:00'),
	(403, 'Xanthus Whitfield', 'ut.molestie.in@phasellusfermentumconvallis.org', '02464', '2021-10-31 00:00:00', '2021-10-31 00:00:00'),
	(404, 'Darius Gregory', 'bibendum.donec.felis@ultricesa.com', '491578', '2021-10-31 00:00:00', '2021-10-31 00:00:00'),
	(405, 'Judah Witt', 'egestas@porttitor.org', '50757-26440', '2021-10-31 00:00:00', '2021-10-31 00:00:00'),
	(406, 'Melissa Gutierrez', 'fermentum.risus@bibendumsed.ca', '40264', '2021-10-31 00:00:00', '2021-10-31 00:00:00'),
	(407, 'Isabella Calderon', 'penatibus@semperetlacinia.com', '22706', '2021-10-31 00:00:00', '2021-10-31 00:00:00'),
	(408, 'Josiah Green', 'elementum.at@nullam.edu', '22244', '2021-10-31 00:00:00', '2021-10-31 00:00:00'),
	(409, 'Serena Dominguez', 'tortor@commodo.ca', '68821', '2021-10-31 00:00:00', '2021-10-31 00:00:00'),
	(410, 'Neve Huber', 'egestas@eleifendnuncrisus.com', '301115', '2021-10-31 00:00:00', '2021-10-31 00:00:00'),
	(411, 'Kylee Hoover', 'ligula.tortor.dictum@tellussuspendisse.org', '28767', '2021-10-31 00:00:00', '2021-10-31 00:00:00'),
	(412, 'Josephine Morales', 'vestibulum@egestassedpharetra.com', '6464', '2021-10-31 00:00:00', '2021-10-31 00:00:00'),
	(413, 'Maisie Coleman', 'sociis.natoque.penatibus@nonnisiaenean.com', '473157', '2021-10-31 00:00:00', '2021-10-31 00:00:00'),
	(414, 'Jacob Shepard', 'parturient.montes.nascetur@euodiophasellus.ca', '9875 HO', '2021-10-31 00:00:00', '2021-10-31 00:00:00'),
	(415, 'Raya Patrick', 'quisque@velitjustonec.net', '3828', '2021-10-31 00:00:00', '2021-10-31 00:00:00'),
	(416, 'Riley Murray', 'malesuada.fames@nequetellus.com', '37714', '2021-10-31 00:00:00', '2021-10-31 00:00:00'),
	(417, 'Jorden Hahn', 'mi.duis@et.co.uk', '473713', '2021-10-31 00:00:00', '2021-10-31 00:00:00'),
	(418, 'Meredith Hudson', 'risus.in@nullacras.com', '8854', '2021-10-31 00:00:00', '2021-10-31 00:00:00'),
	(419, 'Ori Barron', 'pede.cum.sociis@magnisdis.org', '2906 MY', '2021-10-31 00:00:00', '2021-10-31 00:00:00'),
	(420, 'Stacy Henry', 'integer@ligulanullamenim.org', '7493', '2021-10-31 00:00:00', '2021-10-31 00:00:00'),
	(421, 'Mari Levine', 'lectus.a@tempuseu.edu', '40214', '2021-10-31 00:00:00', '2021-10-31 00:00:00'),
	(422, 'Vielka Pierce', 'vitae@magna.ca', '53286-75244', '2021-10-31 00:00:00', '2021-10-31 00:00:00'),
	(423, 'Azalia Valenzuela', 'aliquam.ornare@consectetueradipiscingelit.ca', '55784', '2021-10-31 00:00:00', '2021-10-31 00:00:00'),
	(424, 'Madonna Bean', 'ac.turpis.egestas@nunc.net', 'T3M 5M6', '2021-10-31 00:00:00', '2021-10-31 00:00:00'),
	(425, 'Simone Quinn', 'diam.dictum@venenatisvel.com', '146703', '2021-10-31 00:00:00', '2021-10-31 00:00:00'),
	(426, 'Damon Workman', 'vulputate.ullamcorper@luctusvulputate.com', '55450', '2021-10-31 00:00:00', '2021-10-31 00:00:00'),
	(427, 'Ursa Larsen', 'elit@laciniased.com', '04770', '2021-10-31 00:00:00', '2021-10-31 00:00:00'),
	(428, 'Virginia Webster', 'id.libero.donec@nislsem.edu', '1367', '2021-10-31 00:00:00', '2021-10-31 00:00:00'),
	(429, 'Lane Buck', 'sed.pede@incursuset.com', '127449', '2021-10-31 00:00:00', '2021-10-31 00:00:00'),
	(430, 'Marah Battle', 'vehicula.et@volutpatnulla.com', '988522', '2021-10-31 00:00:00', '2021-10-31 00:00:00'),
	(431, 'Vivien Greene', 'nisi.a@mi.com', '21111', '2021-10-31 00:00:00', '2021-10-31 00:00:00'),
	(432, 'Kasper Bryan', 'faucibus.orci@nequenullam.co.uk', '844234', '2021-10-31 00:00:00', '2021-10-31 00:00:00'),
	(433, 'Mariam Ingram', 'luctus@ipsumnunc.com', '20146', '2021-10-31 00:00:00', '2021-10-31 00:00:00'),
	(434, 'Germaine Bradley', 'posuere.at@ut.co.uk', '55931', '2021-10-31 00:00:00', '2021-10-31 00:00:00'),
	(435, 'Hashim Andrews', 'donec.nibh@senectuset.co.uk', '297187', '2021-10-31 00:00:00', '2021-10-31 00:00:00'),
	(436, 'Gwendolyn Holloway', 'fermentum.vel@temporloremeget.co.uk', '27249', '2021-10-31 00:00:00', '2021-10-31 00:00:00'),
	(437, 'Silas Norris', 'cum.sociis@nislmaecenasmalesuada.net', '832953', '2021-10-31 00:00:00', '2021-10-31 00:00:00'),
	(438, 'Ann Pacheco', 'eu.ultrices.sit@suspendissealiquet.ca', '69-831', '2021-10-31 00:00:00', '2021-10-31 00:00:00'),
	(439, 'Olga Landry', 'ut@nuncrisus.edu', '748448', '2021-10-31 00:00:00', '2021-10-31 00:00:00'),
	(440, 'Tobias Jennings', 'a@luctusaliquetodio.ca', '41012', '2021-10-31 00:00:00', '2021-10-31 00:00:00'),
	(441, 'Emma Dillard', 'lorem.lorem.luctus@duismi.edu', '2372 IP', '2021-10-31 00:00:00', '2021-10-31 00:00:00'),
	(442, 'Hashim Ramirez', 'blandit@velitquisquevarius.ca', '6321', '2021-10-31 00:00:00', '2021-10-31 00:00:00'),
	(443, 'Flynn Love', 'nec@malesuada.edu', '81654', '2021-10-31 00:00:00', '2021-10-31 00:00:00'),
	(444, 'Illana Warner', 'lobortis.quis@nam.org', '3202', '2021-10-31 00:00:00', '2021-10-31 00:00:00'),
	(445, 'Eric Holland', 'sed.molestie@dictummi.org', '88276-737', '2021-10-31 00:00:00', '2021-10-31 00:00:00'),
	(446, 'Xenos Fisher', 'integer.in@orciadipiscingnon.com', '57387', '2021-10-31 00:00:00', '2021-10-31 00:00:00'),
	(447, 'Sharon Lawson', 'felis.ullamcorper.viverra@feugiatnec.org', '1899', '2021-10-31 00:00:00', '2021-10-31 00:00:00'),
	(448, 'Lisandra Molina', 'mi.lacinia@risusmorbi.com', '13711', '2021-10-31 00:00:00', '2021-10-31 00:00:00'),
	(449, 'Ignatius Farley', 'magna.nam@utsemper.org', '514197', '2021-10-31 00:00:00', '2021-10-31 00:00:00'),
	(450, 'Jenette Bass', 'aliquet.molestie@fusce.net', '30518', '2021-10-31 00:00:00', '2021-10-31 00:00:00'),
	(451, 'Phelan Horton', 'at@urnanunc.edu', '00-512', '2021-10-31 00:00:00', '2021-10-31 00:00:00'),
	(452, 'Tana Deleon', 'a.felis@sedet.com', '21700', '2021-10-31 00:00:00', '2021-10-31 00:00:00'),
	(453, 'Baker Spence', 'ut@mollisdui.ca', '7218', '2021-10-31 00:00:00', '2021-10-31 00:00:00'),
	(454, 'Courtney Sweet', 'interdum@inhendrerit.net', 'H2E 6Y2', '2021-10-31 00:00:00', '2021-10-31 00:00:00'),
	(455, 'Moses Gallegos', 'nec@natoque.ca', '42370-01844', '2021-10-31 00:00:00', '2021-10-31 00:00:00'),
	(456, 'Wilma Cooper', 'mi.aliquam@liberoproin.edu', '50701', '2021-10-31 00:00:00', '2021-10-31 00:00:00'),
	(457, 'Colt Mcfadden', 'consectetuer.cursus@integerurna.co.uk', '45883', '2021-10-31 00:00:00', '2021-10-31 00:00:00'),
	(458, 'Unity Powers', 'lacinia@tincidunt.com', '27853', '2021-10-31 00:00:00', '2021-10-31 00:00:00'),
	(459, 'Deacon Cline', 'pharetra.nam.ac@enimdiam.com', '249717', '2021-10-31 00:00:00', '2021-10-31 00:00:00'),
	(460, 'Ciara Vincent', 'malesuada@eteros.edu', '06825', '2021-10-31 00:00:00', '2021-10-31 00:00:00'),
	(461, 'Ariana Trujillo', 'suspendisse.eleifend@ipsumprimis.com', '20413', '2021-10-31 00:00:00', '2021-10-31 00:00:00'),
	(462, 'Colt Carrillo', 'in.scelerisque@cursus.edu', '85401-42973', '2021-10-31 00:00:00', '2021-10-31 00:00:00'),
	(463, 'Denton Wyatt', 'tristique.ac@euismod.com', '28897', '2021-10-31 00:00:00', '2021-10-31 00:00:00'),
	(464, 'Oprah Bender', 'ullamcorper.velit@mollisphaselluslibero.net', '41635', '2021-10-31 00:00:00', '2021-10-31 00:00:00'),
	(465, 'Remedios Harrell', 'lectus@justo.ca', '65147', '2021-10-31 00:00:00', '2021-10-31 00:00:00'),
	(466, 'Mira Shelton', 'suspendisse.aliquet.molestie@sempernam.net', '7779', '2021-10-31 00:00:00', '2021-10-31 00:00:00'),
	(467, 'Heidi Finch', 'vitae.dolor@ac.net', '81752', '2021-10-31 00:00:00', '2021-10-31 00:00:00'),
	(468, 'Veronica Parrish', 'ipsum.phasellus@vulputate.org', 'BL5S 6QP', '2021-10-31 00:00:00', '2021-10-31 00:00:00'),
	(469, 'Alika England', 'molestie.tortor@et.org', '6272', '2021-10-31 00:00:00', '2021-10-31 00:00:00'),
	(470, 'Tobias Huber', 'parturient@nonlorem.org', '626356', '2021-10-31 00:00:00', '2021-10-31 00:00:00'),
	(471, 'Susan Perry', 'augue.eu.tempor@anteipsum.org', '67725', '2021-10-31 00:00:00', '2021-10-31 00:00:00'),
	(472, 'Silas Nielsen', 'tincidunt.pede@venenatisvel.net', '13628', '2021-10-31 00:00:00', '2021-10-31 00:00:00'),
	(473, 'Hanae Humphrey', 'augue.eu.tellus@condimentum.org', '70623', '2021-10-31 00:00:00', '2021-10-31 00:00:00'),
	(474, 'Jared Reeves', 'quam.elementum@sollicitudincommodo.edu', '13773', '2021-10-31 00:00:00', '2021-10-31 00:00:00'),
	(475, 'Sylvester Figueroa', 'non.lacinia@donecluctusaliquet.ca', '4254 TQ', '2021-10-31 00:00:00', '2021-10-31 00:00:00'),
	(476, 'Berk Navarro', 'mi.lacinia@ametrisus.edu', '44065', '2021-10-31 00:00:00', '2021-10-31 00:00:00'),
	(477, 'Kylie Massey', 'lectus.rutrum@torquentperconubia.edu', '693878', '2021-10-31 00:00:00', '2021-10-31 00:00:00'),
	(478, 'Odysseus Sharpe', 'arcu.eu@lobortis.co.uk', '96427-384', '2021-10-31 00:00:00', '2021-10-31 00:00:00'),
	(479, 'Adam Boyer', 'quis.diam@ligulaaeneangravida.ca', '12412', '2021-10-31 00:00:00', '2021-10-31 00:00:00'),
	(480, 'Josephine Lynn', 'dolor.sit@laoreet.edu', '50414', '2021-10-31 00:00:00', '2021-10-31 00:00:00'),
	(481, 'Harper Levy', 'phasellus.vitae.mauris@velvenenatisvel.com', '22-503', '2021-10-31 00:00:00', '2021-10-31 00:00:00'),
	(482, 'Cole Knowles', 'justo.nec.ante@nuncid.com', 'E8H 1H0', '2021-10-31 00:00:00', '2021-10-31 00:00:00'),
	(483, 'Wayne Roach', 'consequat.dolor@quisqueaclibero.net', '530323', '2021-10-31 00:00:00', '2021-10-31 00:00:00'),
	(484, 'Joseph Barton', 'ante@nequesed.net', '3301', '2021-10-31 00:00:00', '2021-10-31 00:00:00'),
	(485, 'Emily Thompson', 'ut.mi@gravidasagittis.ca', '44641', '2021-10-31 00:00:00', '2021-10-31 00:00:00'),
	(486, 'Alea Atkinson', 'enim.etiam.gravida@placerat.net', '633832', '2021-10-31 00:00:00', '2021-10-31 00:00:00'),
	(487, 'Cynthia Bean', 'donec.elementum@loremluctus.com', '64275', '2021-10-31 00:00:00', '2021-10-31 00:00:00'),
	(488, 'Sarah Kent', 'lorem.donec@sed.net', '53525', '2021-10-31 00:00:00', '2021-10-31 00:00:00'),
	(489, 'Nehru Tucker', 'neque.venenatis@quisqueac.ca', '974279', '2021-10-31 00:00:00', '2021-10-31 00:00:00'),
	(490, 'Anne Mayo', 'lorem.vehicula@aneque.co.uk', '36257', '2021-10-31 00:00:00', '2021-10-31 00:00:00'),
	(491, 'Kennedy Walter', 'orci@blanditmattiscras.com', '18517', '2021-10-31 00:00:00', '2021-10-31 00:00:00'),
	(492, 'Jared Joyner', 'dictum.mi@eulacusquisque.ca', '8166', '2021-10-31 00:00:00', '2021-10-31 00:00:00'),
	(493, 'Zephania Potts', 'fusce@nullasemper.net', '33604', '2021-10-31 00:00:00', '2021-10-31 00:00:00'),
	(494, 'Lev Richardson', 'proin.dolor@magnaa.ca', '370744', '2021-10-31 00:00:00', '2021-10-31 00:00:00'),
	(495, 'Seth Joyce', 'vivamus.rhoncus@sempellentesqueut.com', '23388', '2021-10-31 00:00:00', '2021-10-31 00:00:00'),
	(496, 'Zeph Hendrix', 'pede.cum@iaculisnec.org', '24577', '2021-10-31 00:00:00', '2021-10-31 00:00:00'),
	(497, 'Tobias Rivers', 'lectus.quis@elitpede.ca', '62323-64386', '2021-10-31 00:00:00', '2021-10-31 00:00:00'),
	(498, 'Vera Strickland', 'nonummy.ac@proindolor.ca', '835639', '2021-10-31 00:00:00', '2021-10-31 00:00:00'),
	(499, 'Danielle Warren', 'venenatis.a@cum.org', '10608', '2021-10-31 00:00:00', '2021-10-31 00:00:00'),
	(500, 'Bradley Riddle', 'venenatis.vel@quis.ca', '61626', '2021-10-31 00:00:00', '2021-10-31 00:00:00'),
	(501, 'Lunea Randolph', 'tincidunt.neque@eget.net', '37502', '2021-10-31 00:00:00', '2021-10-31 00:00:00'),
	(502, 'Charles Contreras', 'ipsum.dolor.sit@pedepraesent.com', '2306 KY', '2021-10-31 00:00:00', '2021-10-31 00:00:00'),
	(503, 'Aline Cabrera', 'et.tristique.pellentesque@antevivamus.edu', '48719', '2021-10-31 00:00:00', '2021-10-31 00:00:00'),
	(504, 'Mefistófeles', 'mefistofeles@gmail.com', 'mefis-tofeles', '2021-10-31 17:34:58', '2021-10-31 17:34:59'),
	(505, 'Ramiron', 'ramiron@gmail.com', '$2b$12$yCH/E0d9Ptyg8KcqHblTzOanN5MmbvHyT00x5Ak.gqfpW/Yo9ATdS', '2021-11-07 19:37:29', '2021-11-07 19:37:29'),
	(506, 'Ramiros', 'official.dduran@gmail.coms', '$2b$12$gVs80Sfrt12YixCx/CV9auvkS.iJMc4P8kggIIEAnEYJKJyWmRMye', '2021-11-07 19:45:44', '2021-11-07 19:45:44');
/*!40000 ALTER TABLE `users` ENABLE KEYS */;

/*!40101 SET SQL_MODE=IFNULL(@OLD_SQL_MODE, '') */;
/*!40014 SET FOREIGN_KEY_CHECKS=IFNULL(@OLD_FOREIGN_KEY_CHECKS, 1) */;
/*!40101 SET CHARACTER_SET_CLIENT=@OLD_CHARACTER_SET_CLIENT */;
/*!40111 SET SQL_NOTES=IFNULL(@OLD_SQL_NOTES, 1) */;
