-- --------------------------------------------------------
-- Host:                         127.0.0.1
-- Versión del servidor:         5.7.33 - MySQL Community Server (GPL)
-- SO del servidor:              Win64
-- HeidiSQL Versión:             11.2.0.6213
-- --------------------------------------------------------

/*!40101 SET @OLD_CHARACTER_SET_CLIENT=@@CHARACTER_SET_CLIENT */;
/*!40101 SET NAMES utf8 */;
/*!50503 SET NAMES utf8mb4 */;
/*!40014 SET @OLD_FOREIGN_KEY_CHECKS=@@FOREIGN_KEY_CHECKS, FOREIGN_KEY_CHECKS=0 */;
/*!40101 SET @OLD_SQL_MODE=@@SQL_MODE, SQL_MODE='NO_AUTO_VALUE_ON_ZERO' */;
/*!40111 SET @OLD_SQL_NOTES=@@SQL_NOTES, SQL_NOTES=0 */;

-- Volcando estructura para tabla pythonflaskcontactos.blog
CREATE TABLE IF NOT EXISTS `blog` (
  `id` int(11) NOT NULL AUTO_INCREMENT,
  `author_id` int(11) NOT NULL DEFAULT '0',
  `title` varchar(256) COLLATE utf8mb4_unicode_ci NOT NULL,
  `contenido` longtext COLLATE utf8mb4_unicode_ci NOT NULL,
  `created_at` datetime NOT NULL,
  `updated_at` datetime DEFAULT NULL,
  PRIMARY KEY (`id`) USING BTREE,
  KEY `FK_blog_users` (`author_id`),
  CONSTRAINT `FK_blog_users` FOREIGN KEY (`author_id`) REFERENCES `users` (`id`)
) ENGINE=InnoDB AUTO_INCREMENT=101 DEFAULT CHARSET=utf8mb4 COLLATE=utf8mb4_unicode_ci ROW_FORMAT=DYNAMIC;

-- Volcando datos para la tabla pythonflaskcontactos.blog: ~100 rows (aproximadamente)
/*!40000 ALTER TABLE `blog` DISABLE KEYS */;
INSERT INTO `blog` (`id`, `author_id`, `title`, `contenido`, `created_at`, `updated_at`) VALUES
	(1, 1, 'Volutpat Institute', 'Contenido 1', '2021-10-17 19:23:39', NULL),
	(2, 1, 'Ipsum Ac LLP', 'Contenido 1', '2021-10-17 19:23:39', NULL),
	(3, 2, 'Donec Egestas Associates Volutpat ', 'Contenido 1', '2021-10-17 19:23:39', NULL),
	(4, 2, 'Senectus Et LLC', 'Contenido 1', '2021-10-17 19:23:39', NULL),
	(5, 2, 'Vivamus Nisi Mauris LLP Volutpat ', 'Contenido 2', '2021-10-17 19:23:39', NULL),
	(6, 1, 'Egestas Fusce Industries', 'Contenido 2', '2021-10-17 19:23:39', NULL),
	(7, 3, 'Montes Nascetur PC', 'Contenido 2', '2021-10-17 19:23:39', NULL),
	(8, 2, 'Eu Foundation', 'Contenido 2', '2021-10-17 19:23:39', NULL),
	(9, 2, 'A Inc.', 'Contenido 3', '2021-10-17 19:23:39', NULL),
	(10, 1, 'Non Dui Limited', 'Contenido 3', '2021-10-17 19:23:39', NULL),
	(11, 1, 'Eu Erat Limited', 'Contenido 3', '2021-10-17 19:23:39', NULL),
	(12, 3, 'Molestie Consulting', 'Contenido 3', '2021-10-17 19:23:39', NULL),
	(13, 2, 'Libero PC', 'Contenido 4', '2021-10-17 19:23:39', NULL),
	(14, 2, 'Dui Nec PC', 'Contenido 4', '2021-10-17 19:23:39', NULL),
	(15, 2, 'Rhoncus Id Associates', 'Contenido 4', '2021-10-17 19:23:39', NULL),
	(16, 2, 'Duis Mi Enim LLC', 'Contenido 4', '2021-10-17 19:23:39', NULL),
	(17, 3, 'Odio Inc.', 'Contenido 5', '2021-10-17 19:23:39', NULL),
	(18, 3, 'Et Lacinia Vitae Limited', 'Contenido 5', '2021-10-17 19:23:39', NULL),
	(19, 2, 'Erat Vel Corp.', 'Contenido 5', '2021-10-17 19:23:39', NULL),
	(20, 2, 'Lacinia Mattis PC', 'Contenido 5', '2021-10-17 19:23:39', NULL),
	(21, 3, 'Et Lacinia Vitae Incorporated', 'Contenido 1', '2021-10-17 19:23:39', NULL),
	(22, 2, 'Molestie Tellus Foundation', 'Contenido 1', '2021-10-17 19:23:39', NULL),
	(23, 1, 'Donec At Industries', 'Contenido 1', '2021-10-17 19:23:39', NULL),
	(24, 3, 'Morbi Quis Corp.', 'Contenido 1', '2021-10-17 19:23:39', NULL),
	(25, 3, 'Eros Turpis Ltd', 'Contenido 2', '2021-10-17 19:23:39', NULL),
	(26, 1, 'Elit Industries', 'Contenido 2', '2021-10-17 19:23:39', NULL),
	(27, 2, 'Interdum PC', 'Contenido 2', '2021-10-17 19:23:39', NULL),
	(28, 2, 'Tempus LLC', 'Contenido 2', '2021-10-17 19:23:39', NULL),
	(29, 2, 'Morbi Non Company', 'Contenido 3', '2021-10-17 19:23:39', NULL),
	(30, 2, 'Sit Amet Industries', 'Contenido 3', '2021-10-17 19:23:39', NULL),
	(31, 2, 'Pede Industries', 'Contenido 3', '2021-10-17 19:23:39', NULL),
	(32, 2, 'Tincidunt Orci Associates', 'Contenido 3', '2021-10-17 19:23:39', NULL),
	(33, 2, 'Feugiat Sed Corporation', 'Contenido 4', '2021-10-17 19:23:39', NULL),
	(34, 2, 'Dui Augue LLC', 'Contenido 4', '2021-10-17 19:23:39', NULL),
	(35, 1, 'Justo Praesent Institute', 'Contenido 4', '2021-10-17 19:23:39', NULL),
	(36, 2, 'Eleifend Vitae Institute', 'Contenido 4', '2021-10-17 19:23:39', NULL),
	(37, 1, 'Tempus Lorem Fringilla Inc.', 'Contenido 5', '2021-10-17 19:23:39', NULL),
	(38, 2, 'Eu Tempor Corp.', 'Contenido 5', '2021-10-17 19:23:39', NULL),
	(39, 1, 'Feugiat LLC', 'Contenido 5', '2021-10-17 19:23:39', NULL),
	(40, 3, 'Risus Donec Institute', 'Contenido 5', '2021-10-17 19:23:39', NULL),
	(41, 3, 'Metus Aenean Limited', 'Contenido 1', '2021-10-17 19:23:39', NULL),
	(42, 3, 'Lacus Ltd', 'Contenido 1', '2021-10-17 19:23:39', NULL),
	(43, 1, 'Pede PC', 'Contenido 1', '2021-10-17 19:23:39', NULL),
	(44, 1, 'Faucibus Ut Corp.', 'Contenido 1', '2021-10-17 19:23:39', NULL),
	(45, 1, 'Nulla Donec Corporation', 'Contenido 2', '2021-10-17 19:23:39', NULL),
	(46, 2, 'Sagittis Incorporated', 'Contenido 2', '2021-10-17 19:23:39', NULL),
	(47, 2, 'Erat Etiam Vestibulum PC', 'Contenido 2', '2021-10-17 19:23:39', NULL),
	(48, 2, 'Malesuada Vel LLP', 'Contenido 2', '2021-10-17 19:23:39', NULL),
	(49, 1, 'Metus Vitae Velit Foundation', 'Contenido 3', '2021-10-17 19:23:39', NULL),
	(50, 1, 'Blandit Nam Nulla Corporation', 'Contenido 3', '2021-10-17 19:23:39', NULL),
	(51, 2, 'Pede Industries', 'Contenido 3', '2021-10-17 19:23:39', NULL),
	(52, 3, 'Elementum Sem Limited', 'Contenido 3', '2021-10-17 19:23:39', NULL),
	(53, 1, 'Tellus Non Magna Incorporated', 'Contenido 4', '2021-10-17 19:23:39', NULL),
	(54, 2, 'Magna Phasellus Industries', 'Contenido 4', '2021-10-17 19:23:39', NULL),
	(55, 2, 'Mauris Ltd', 'Contenido 4', '2021-10-17 19:23:39', NULL),
	(56, 1, 'Vitae LLC', 'Contenido 4', '2021-10-17 19:23:39', NULL),
	(57, 2, 'Phasellus Dapibus Quam Corporation', 'Contenido 5', '2021-10-17 19:23:39', NULL),
	(58, 2, 'Lectus Pede Institute', 'Contenido 5', '2021-10-17 19:23:39', NULL),
	(59, 1, 'Dolor Consulting', 'Contenido 5', '2021-10-17 19:23:39', NULL),
	(60, 3, 'Nunc Mauris Ltd', 'Contenido 5', '2021-10-17 19:23:39', NULL),
	(61, 3, 'Ultrices Vivamus Rhoncus Foundation', 'Contenido 1', '2021-10-17 19:23:39', NULL),
	(62, 1, 'Maecenas Mi Company', 'Contenido 1', '2021-10-17 19:23:39', NULL),
	(63, 3, 'Dis Parturient Associates', 'Contenido 1', '2021-10-17 19:23:39', NULL),
	(64, 3, 'Arcu Vestibulum Ut Corporation', 'Contenido 1', '2021-10-17 19:23:39', NULL),
	(65, 2, 'Semper Nam Limited', 'Contenido 2', '2021-10-17 19:23:39', NULL),
	(66, 2, 'Eu Augue Inc.', 'Contenido 2', '2021-10-17 19:23:39', NULL),
	(67, 2, 'In Mi Pede PC', 'Contenido 2', '2021-10-17 19:23:39', NULL),
	(68, 3, 'Mauris Rhoncus Foundation', 'Contenido 2', '2021-10-17 19:23:39', NULL),
	(69, 3, 'Vitae Ltd', 'Contenido 3', '2021-10-17 19:23:39', NULL),
	(70, 1, 'Pede Associates', 'Contenido 3', '2021-10-17 19:23:39', NULL),
	(71, 1, 'Nam Consequat Dolor LLP', 'Contenido 3', '2021-10-17 19:23:39', NULL),
	(72, 2, 'Quisque Limited', 'Contenido 3', '2021-10-17 19:23:39', NULL),
	(73, 1, 'Fusce Foundation', 'Contenido 4', '2021-10-17 19:23:39', NULL),
	(74, 1, 'Interdum Industries', 'Contenido 4', '2021-10-17 19:23:39', NULL),
	(75, 3, 'Ultrices Sit Amet LLP', 'Contenido 4', '2021-10-17 19:23:39', NULL),
	(76, 2, 'Ipsum Dolor PC', 'Contenido 4', '2021-10-17 19:23:39', NULL),
	(77, 2, 'Lorem Luctus Ut Foundation', 'Contenido 5', '2021-10-17 19:23:39', NULL),
	(78, 3, 'Odio Vel Industries', 'Contenido 5', '2021-10-17 19:23:39', NULL),
	(79, 3, 'Quam Pellentesque Habitant Limited', 'Contenido 5', '2021-10-17 19:23:39', NULL),
	(80, 1, 'Ac Turpis Corporation', 'Contenido 5', '2021-10-17 19:23:39', NULL),
	(81, 2, 'Eu Institute', 'Contenido 1', '2021-10-17 19:23:39', NULL),
	(82, 3, 'Adipiscing Lacus Ut Associates', 'Contenido 1', '2021-10-17 19:23:39', NULL),
	(83, 3, 'Tellus LLC', 'Contenido 1', '2021-10-17 19:23:39', NULL),
	(84, 2, 'Purus Ac Institute', 'Contenido 1', '2021-10-17 19:23:39', NULL),
	(85, 3, 'Enim Foundation', 'Contenido 2', '2021-10-17 19:23:39', NULL),
	(86, 2, 'Adipiscing Fringilla Porttitor Inc.', 'Contenido 2', '2021-10-17 19:23:39', NULL),
	(87, 2, 'Tristique Neque Institute', 'Contenido 2', '2021-10-17 19:23:39', NULL),
	(88, 3, 'Risus Quis LLC', 'Contenido 2', '2021-10-17 19:23:39', NULL),
	(89, 2, 'Dolor Egestas Rhoncus Limited', 'Contenido 3', '2021-10-17 19:23:39', NULL),
	(90, 2, 'Enim Etiam Imperdiet Foundation', 'Contenido 3', '2021-10-17 19:23:39', NULL),
	(91, 3, 'Fringilla Cursus Corporation', 'Contenido 3', '2021-10-17 19:23:39', NULL),
	(92, 2, 'Quisque Ornare Tortor PC', 'Contenido 3', '2021-10-17 19:23:39', NULL),
	(93, 2, 'Purus Mauris Ltd', 'Contenido 4', '2021-10-17 19:23:39', NULL),
	(94, 2, 'Nunc Industries', 'Contenido 4', '2021-10-17 19:23:39', NULL),
	(95, 2, 'Natoque Corporation', 'Contenido 4', '2021-10-17 19:23:39', NULL),
	(96, 3, 'Mus PC', 'Contenido 4', '2021-10-17 19:23:39', NULL),
	(97, 2, 'Blandit Nam Incorporated', 'Contenido 5', '2021-10-17 19:23:39', NULL),
	(98, 2, 'Enim Limited', 'Contenido 5', '2021-10-17 19:23:39', NULL),
	(99, 3, 'Ipsum Inc.', 'Contenido 5', '2021-10-17 19:23:39', NULL),
	(100, 1, 'Scelerisque Dui Inc.', 'Contenido 5', '2021-10-17 19:23:39', NULL);
/*!40000 ALTER TABLE `blog` ENABLE KEYS */;

-- Volcando estructura para tabla pythonflaskcontactos.contactos
CREATE TABLE IF NOT EXISTS `contactos` (
  `id` int(11) NOT NULL AUTO_INCREMENT,
  `nombre` varchar(255) COLLATE utf8mb4_unicode_ci NOT NULL,
  `telefono` varchar(255) COLLATE utf8mb4_unicode_ci NOT NULL,
  `email` varchar(255) COLLATE utf8mb4_unicode_ci NOT NULL,
  `created_at` datetime NOT NULL,
  `updated_at` datetime NOT NULL,
  PRIMARY KEY (`id`)
) ENGINE=InnoDB AUTO_INCREMENT=7 DEFAULT CHARSET=utf8mb4 COLLATE=utf8mb4_unicode_ci;

-- Volcando datos para la tabla pythonflaskcontactos.contactos: ~6 rows (aproximadamente)
/*!40000 ALTER TABLE `contactos` DISABLE KEYS */;
INSERT INTO `contactos` (`id`, `nombre`, `telefono`, `email`, `created_at`, `updated_at`) VALUES
	(1, 'José David', '77777772', 'roberto@gmail.com', '2021-09-16 13:19:44', '2021-09-16 13:19:44'),
	(3, 'abcd', '+1123456789', '1@gmail.com', '2021-09-16 18:31:36', '2021-09-16 18:31:36'),
	(4, 'df', '+112345678', 'test@eydosdev.com', '2021-09-16 18:31:36', '2021-09-16 18:31:36'),
	(5, 'Jonás Mortero', '+525556581113', 'joe@gmail.com.mx', '2021-09-16 19:20:28', '2021-09-16 19:35:06'),
	(6, 'Sandra Gómez', '+12344656789', 'sandara@gmail.com', '2021-09-19 19:40:50', '2021-09-19 19:40:50');
/*!40000 ALTER TABLE `contactos` ENABLE KEYS */;

-- Volcando estructura para tabla pythonflaskcontactos.testwtf
CREATE TABLE IF NOT EXISTS `testwtf` (
  `id` int(11) NOT NULL AUTO_INCREMENT,
  `nombre` varchar(255) COLLATE utf8mb4_unicode_ci NOT NULL,
  `email` varchar(255) COLLATE utf8mb4_unicode_ci NOT NULL,
  `created_at` datetime NOT NULL,
  `updated_at` datetime NOT NULL,
  PRIMARY KEY (`id`)
) ENGINE=InnoDB AUTO_INCREMENT=5 DEFAULT CHARSET=utf8mb4 COLLATE=utf8mb4_unicode_ci;

-- Volcando datos para la tabla pythonflaskcontactos.testwtf: ~2 rows (aproximadamente)
/*!40000 ALTER TABLE `testwtf` DISABLE KEYS */;
INSERT INTO `testwtf` (`id`, `nombre`, `email`, `created_at`, `updated_at`) VALUES
	(1, 'Otro', 'otro@gmail.com', '2021-09-12 17:21:15', '2021-09-12 17:21:15'),
	(4, 'Otros', 'otros@gmail.com', '2021-09-16 13:19:44', '2021-09-16 13:19:44');
/*!40000 ALTER TABLE `testwtf` ENABLE KEYS */;

-- Volcando estructura para tabla pythonflaskcontactos.users
CREATE TABLE IF NOT EXISTS `users` (
  `id` int(11) NOT NULL AUTO_INCREMENT,
  `nombre` varchar(255) COLLATE utf8mb4_unicode_ci NOT NULL,
  `email` varchar(255) COLLATE utf8mb4_unicode_ci NOT NULL,
  `contrasena` varchar(255) COLLATE utf8mb4_unicode_ci NOT NULL,
  `created_at` datetime NOT NULL,
  `updated_at` datetime NOT NULL,
  PRIMARY KEY (`id`)
) ENGINE=InnoDB AUTO_INCREMENT=505 DEFAULT CHARSET=utf8mb4 COLLATE=utf8mb4_unicode_ci;

-- Volcando datos para la tabla pythonflaskcontactos.users: ~503 rows (aproximadamente)
/*!40000 ALTER TABLE `users` DISABLE KEYS */;
INSERT INTO `users` (`id`, `nombre`, `email`, `contrasena`, `created_at`, `updated_at`) VALUES
	(1, 'David Durán', 'official.dduran@gmail.com', '$2b$12$ecrObtGA/CTOWqjrU7HSkO2MBOTZYWQ7ggS0IOyW/316jtfelwICC', '2021-09-12 17:07:00', '2021-09-16 15:17:11'),
	(2, 'Josefino', 'josefino@gmail.com', 'alafa', '2021-10-24 15:03:25', '2021-10-24 15:03:32'),
	(3, 'Marta', 'marta@gmail.com', 'beta', '2021-10-24 15:03:44', '2021-10-24 15:03:44'),
	(4, 'Craig Summers', 'tellus.nunc.lectus@posuerevulputate.com', '50817', '2021-10-31 00:00:00', '2021-10-31 00:00:00'),
	(5, 'Mara Shelton', 'parturient.montes@dictummagnaut.com', '68279-27208', '2021-10-31 00:00:00', '2021-10-31 00:00:00'),
	(6, 'Moses Hess', 'commodo@tristique.ca', '732162', '2021-10-31 00:00:00', '2021-10-31 00:00:00'),
	(7, 'Bruno Singleton', 'aliquet.magna.a@dictumproin.edu', '601736', '2021-10-31 00:00:00', '2021-10-31 00:00:00'),
	(8, 'Adam Norris', 'nisi@necurna.edu', '433723', '2021-10-31 00:00:00', '2021-10-31 00:00:00'),
	(9, 'Cynthia Rose', 'nibh.lacinia@hendreritdonec.edu', '7163', '2021-10-31 00:00:00', '2021-10-31 00:00:00'),
	(10, 'Hanna Ashley', 'feugiat.metus@purusduis.com', '14951', '2021-10-31 00:00:00', '2021-10-31 00:00:00'),
	(11, 'Laura Campos', 'arcu.vestibulum@auguesed.org', '957953', '2021-10-31 00:00:00', '2021-10-31 00:00:00'),
	(12, 'Burke Delacruz', 'eleifend.cras.sed@dolor.ca', '03091', '2021-10-31 00:00:00', '2021-10-31 00:00:00'),
	(13, 'Brenna Lynch', 'felis.eget.varius@orciutsemper.edu', '9859', '2021-10-31 00:00:00', '2021-10-31 00:00:00'),
	(14, 'Jaden Battle', 'at@adipiscingmaurismolestie.ca', '26027', '2021-10-31 00:00:00', '2021-10-31 00:00:00'),
	(15, 'Thane Odom', 'mauris.a@lectusquismassa.com', '556332', '2021-10-31 00:00:00', '2021-10-31 00:00:00'),
	(16, 'Catherine Hoffman', 'ultrices@litoratorquent.edu', '76724-316', '2021-10-31 00:00:00', '2021-10-31 00:00:00'),
	(17, 'Mallory Barron', 'mollis@leoelementum.co.uk', '48142-94449', '2021-10-31 00:00:00', '2021-10-31 00:00:00'),
	(18, 'Xenos Stone', 'tristique@dictumeueleifend.org', 'R2B 3G3', '2021-10-31 00:00:00', '2021-10-31 00:00:00'),
	(19, 'Phillip Huffman', 'commodo.hendrerit.donec@gravida.ca', '71484', '2021-10-31 00:00:00', '2021-10-31 00:00:00'),
	(20, 'Moses Preston', 'augue.eu@aliquetodio.net', '2558', '2021-10-31 00:00:00', '2021-10-31 00:00:00'),
	(21, 'Rafael Dodson', 'egestas.duis@mollis.co.uk', '17191', '2021-10-31 00:00:00', '2021-10-31 00:00:00'),
	(22, 'Nadine Rojas', 'interdum.enim.non@quisurnanunc.co.uk', '16706', '2021-10-31 00:00:00', '2021-10-31 00:00:00'),
	(23, 'Brenden Walker', 'interdum.ligula.eu@pede.com', '08218', '2021-10-31 00:00:00', '2021-10-31 00:00:00'),
	(24, 'Nina Mcgee', 'lorem.ipsum@vivamussit.ca', '8142 UX', '2021-10-31 00:00:00', '2021-10-31 00:00:00'),
	(25, 'Zephr Sweet', 'arcu.nunc@parturient.edu', '74020', '2021-10-31 00:00:00', '2021-10-31 00:00:00'),
	(26, 'Amena Riggs', 'nec.leo@mi.org', 'T2 8QL', '2021-10-31 00:00:00', '2021-10-31 00:00:00'),
	(27, 'Kyra Craft', 'risus@musdonecdignissim.edu', '30526', '2021-10-31 00:00:00', '2021-10-31 00:00:00'),
	(28, 'Irma Hull', 'et.malesuada@imperdiet.ca', '37324', '2021-10-31 00:00:00', '2021-10-31 00:00:00'),
	(29, 'Peter Branch', 'leo.vivamus.nibh@egetodio.edu', '4876', '2021-10-31 00:00:00', '2021-10-31 00:00:00'),
	(30, 'Alexa Martinez', 'nisl.nulla@luctuset.org', '674231', '2021-10-31 00:00:00', '2021-10-31 00:00:00'),
	(31, 'Flynn Harmon', 'et.magnis.dis@cumsociis.edu', '2343', '2021-10-31 00:00:00', '2021-10-31 00:00:00'),
	(32, 'Nyssa Prince', 'nulla.ante.iaculis@lectuspede.com', '5554', '2021-10-31 00:00:00', '2021-10-31 00:00:00'),
	(33, 'Conan Joyner', 'tortor@habitantmorbitristique.net', 'C13 1UD', '2021-10-31 00:00:00', '2021-10-31 00:00:00'),
	(34, 'Abigail Kramer', 'nibh.quisque@rutrum.org', '373864', '2021-10-31 00:00:00', '2021-10-31 00:00:00'),
	(35, 'Gillian Hawkins', 'non.justo@nectempus.edu', '637768', '2021-10-31 00:00:00', '2021-10-31 00:00:00'),
	(36, 'Scarlett Fuller', 'blandit.mattis@temporestac.edu', '856887', '2021-10-31 00:00:00', '2021-10-31 00:00:00'),
	(37, 'Wylie Cardenas', 'molestie.orci@nec.com', '3929', '2021-10-31 00:00:00', '2021-10-31 00:00:00'),
	(38, 'Elizabeth Guthrie', 'mus.donec@etnetus.edu', '81618', '2021-10-31 00:00:00', '2021-10-31 00:00:00'),
	(39, 'Owen Mcintyre', 'sociis.natoque@egetipsum.org', '1119', '2021-10-31 00:00:00', '2021-10-31 00:00:00'),
	(40, 'Melodie Weeks', 'volutpat.nulla@lobortisnisi.com', 'L36 5HN', '2021-10-31 00:00:00', '2021-10-31 00:00:00'),
	(41, 'Noah Kim', 'rhoncus.donec@necluctusfelis.org', '804461', '2021-10-31 00:00:00', '2021-10-31 00:00:00'),
	(42, 'Wyoming Peters', 'lobortis@cursusin.edu', '6643', '2021-10-31 00:00:00', '2021-10-31 00:00:00'),
	(43, 'Arthur Weeks', 'ultrices.vivamus.rhoncus@parturientmontes.co.uk', '975236', '2021-10-31 00:00:00', '2021-10-31 00:00:00'),
	(44, 'Cheyenne James', 'tincidunt.pede@inconsequat.com', '13325', '2021-10-31 00:00:00', '2021-10-31 00:00:00'),
	(45, 'Benedict Lamb', 'euismod@atrisusnunc.net', '7767', '2021-10-31 00:00:00', '2021-10-31 00:00:00'),
	(46, 'Farrah Parrish', 'ultrices.mauris.ipsum@etrutrum.edu', 'PF8 2WE', '2021-10-31 00:00:00', '2021-10-31 00:00:00'),
	(47, 'Kareem Houston', 'varius.ultrices@sodalespurus.edu', '12746', '2021-10-31 00:00:00', '2021-10-31 00:00:00'),
	(48, 'Phoebe Burks', 'nec.quam@et.com', '37355', '2021-10-31 00:00:00', '2021-10-31 00:00:00'),
	(49, 'Wade Contreras', 'tellus.phasellus@turpisincondimentum.net', '42882', '2021-10-31 00:00:00', '2021-10-31 00:00:00'),
	(50, 'Ian Branch', 'volutpat@donec.co.uk', '07184', '2021-10-31 00:00:00', '2021-10-31 00:00:00'),
	(51, 'Destiny Lambert', 'ligula.aenean@natoque.ca', '43388', '2021-10-31 00:00:00', '2021-10-31 00:00:00'),
	(52, 'Barbara Berry', 'scelerisque.mollis@velest.edu', '16355', '2021-10-31 00:00:00', '2021-10-31 00:00:00'),
	(53, 'Roary Black', 'semper.erat@curabiturdictumphasellus.com', '54162', '2021-10-31 00:00:00', '2021-10-31 00:00:00'),
	(54, 'Price Maynard', 'libero.dui@proin.net', '58317', '2021-10-31 00:00:00', '2021-10-31 00:00:00'),
	(55, 'Ulla Franklin', 'mauris@nullaat.org', '36708', '2021-10-31 00:00:00', '2021-10-31 00:00:00'),
	(56, 'Rashad Hoffman', 'non.bibendum@pharetrafelis.co.uk', '50215', '2021-10-31 00:00:00', '2021-10-31 00:00:00'),
	(57, 'Shea Calhoun', 'lorem.ac.risus@pedeetrisus.net', '70743', '2021-10-31 00:00:00', '2021-10-31 00:00:00'),
	(58, 'Evelyn Barton', 'pellentesque@pedemalesuada.co.uk', '421443', '2021-10-31 00:00:00', '2021-10-31 00:00:00'),
	(59, 'Hamilton Nicholson', 'nibh.vulputate@estcongue.org', '74711-775', '2021-10-31 00:00:00', '2021-10-31 00:00:00'),
	(60, 'Jenna Phelps', 'at.pede.cras@adipiscingligula.ca', '2843', '2021-10-31 00:00:00', '2021-10-31 00:00:00'),
	(61, 'Megan Pickett', 'amet.consectetuer@vellectus.org', '7037', '2021-10-31 00:00:00', '2021-10-31 00:00:00'),
	(62, 'Dante Ellison', 'lectus@gravidapraesenteu.com', '732146', '2021-10-31 00:00:00', '2021-10-31 00:00:00'),
	(63, 'Joy Whitfield', 'ultrices.vivamus.rhoncus@etiam.org', '782829', '2021-10-31 00:00:00', '2021-10-31 00:00:00'),
	(64, 'Hilda Sharp', 'nam@faucibus.org', '5429', '2021-10-31 00:00:00', '2021-10-31 00:00:00'),
	(65, 'Rowan Holloway', 'dictum.ultricies.ligula@dolornonummyac.net', '412965', '2021-10-31 00:00:00', '2021-10-31 00:00:00'),
	(66, 'Roanna Quinn', 'vivamus.non.lorem@blanditenimconsequat.ca', '30114', '2021-10-31 00:00:00', '2021-10-31 00:00:00'),
	(67, 'Ethan Orr', 'morbi@tempordiam.net', '21502', '2021-10-31 00:00:00', '2021-10-31 00:00:00'),
	(68, 'Drew Ware', 'sed.leo.cras@pede.net', '085484', '2021-10-31 00:00:00', '2021-10-31 00:00:00'),
	(69, 'Boris Velasquez', 'parturient@aliquamgravida.com', '7437', '2021-10-31 00:00:00', '2021-10-31 00:00:00'),
	(70, 'Rinah Crane', 'donec.fringilla@pellentesquetincidunttempus.co.uk', '7913', '2021-10-31 00:00:00', '2021-10-31 00:00:00'),
	(71, 'Jason Harrington', 'enim@suspendisse.edu', '301164', '2021-10-31 00:00:00', '2021-10-31 00:00:00'),
	(72, 'Caldwell Booker', 'fusce.aliquet.magna@est.com', 'Y7L 1T8', '2021-10-31 00:00:00', '2021-10-31 00:00:00'),
	(73, 'Lawrence Middleton', 'facilisis@magnis.ca', '3854', '2021-10-31 00:00:00', '2021-10-31 00:00:00'),
	(74, 'Claire Farrell', 'donec.tempor.est@cras.org', '6571', '2021-10-31 00:00:00', '2021-10-31 00:00:00'),
	(75, 'Mechelle Hayden', 'posuere@vitae.com', '40715', '2021-10-31 00:00:00', '2021-10-31 00:00:00'),
	(76, 'Neil Cole', 'dui@aliquamornare.com', '7680 OO', '2021-10-31 00:00:00', '2021-10-31 00:00:00'),
	(77, 'Akeem Fowler', 'sociis@duisat.ca', '853378', '2021-10-31 00:00:00', '2021-10-31 00:00:00'),
	(78, 'Allen Long', 'posuere.vulputate.lacus@non.ca', '5524', '2021-10-31 00:00:00', '2021-10-31 00:00:00'),
	(79, 'Cassidy Morales', 'laoreet@commodohendrerit.co.uk', '646659', '2021-10-31 00:00:00', '2021-10-31 00:00:00'),
	(80, 'Hillary Schroeder', 'et.malesuada.fames@sollicitudinorcisem.ca', '44879', '2021-10-31 00:00:00', '2021-10-31 00:00:00'),
	(81, 'Amethyst Robles', 'et@sedet.co.uk', '85561-257', '2021-10-31 00:00:00', '2021-10-31 00:00:00'),
	(82, 'Lance Winters', 'in.faucibus@nisl.org', '4853 JR', '2021-10-31 00:00:00', '2021-10-31 00:00:00'),
	(83, 'Merritt Davis', 'dolor@egestasurna.co.uk', '6816', '2021-10-31 00:00:00', '2021-10-31 00:00:00'),
	(84, 'Elijah Tyson', 'pede.cras@risus.org', '76482', '2021-10-31 00:00:00', '2021-10-31 00:00:00'),
	(85, 'Jared Cabrera', 'vivamus.rhoncus.donec@euismod.org', '14658', '2021-10-31 00:00:00', '2021-10-31 00:00:00'),
	(86, 'Russell Hutchinson', 'ornare.lectus@vestibulumante.net', '35656', '2021-10-31 00:00:00', '2021-10-31 00:00:00'),
	(87, 'Mariko Cole', 'maecenas.ornare@etmagnis.edu', '2223 OR', '2021-10-31 00:00:00', '2021-10-31 00:00:00'),
	(88, 'Amal Navarro', 'condimentum.eget@vitaealiquam.org', '7754', '2021-10-31 00:00:00', '2021-10-31 00:00:00'),
	(89, 'Selma Lawrence', 'pretium@luctus.net', 'F2 1BW', '2021-10-31 00:00:00', '2021-10-31 00:00:00'),
	(90, 'Zenia Hughes', 'sit.amet@aarcu.com', '12667', '2021-10-31 00:00:00', '2021-10-31 00:00:00'),
	(91, 'Keaton Rollins', 'adipiscing.lobortis@montesnasceturridiculus.com', '6371', '2021-10-31 00:00:00', '2021-10-31 00:00:00'),
	(92, 'Madeline Romero', 'ullamcorper.duis@atauctor.edu', '99535-34721', '2021-10-31 00:00:00', '2021-10-31 00:00:00'),
	(93, 'Hayes Harper', 'aptent@ridiculusmus.org', '68-313', '2021-10-31 00:00:00', '2021-10-31 00:00:00'),
	(94, 'Callum Bailey', 'orci.in.consequat@ipsumsuspendisse.net', '50515', '2021-10-31 00:00:00', '2021-10-31 00:00:00'),
	(95, 'Cooper Ware', 'etiam.vestibulum@estac.net', '425872', '2021-10-31 00:00:00', '2021-10-31 00:00:00'),
	(96, 'Violet Sexton', 'metus.in@aliquamornare.com', '725863', '2021-10-31 00:00:00', '2021-10-31 00:00:00'),
	(97, 'Grady Church', 'nisi.cum@tinciduntnibhphasellus.co.uk', '9381', '2021-10-31 00:00:00', '2021-10-31 00:00:00'),
	(98, 'Sean Powers', 'a.scelerisque@nullaeuneque.edu', '738032', '2021-10-31 00:00:00', '2021-10-31 00:00:00'),
	(99, 'Emmanuel Ellison', 'enim.curabitur@turpis.edu', '44403', '2021-10-31 00:00:00', '2021-10-31 00:00:00'),
	(100, 'Camille Briggs', 'mattis.semper@vulputatevelit.org', '84146', '2021-10-31 00:00:00', '2021-10-31 00:00:00'),
	(101, 'Branden Pitts', 'erat.volutpat.nulla@etiamimperdiet.edu', '4761', '2021-10-31 00:00:00', '2021-10-31 00:00:00'),
	(102, 'Wyatt Peters', 'pellentesque.eget@ametante.net', '23591', '2021-10-31 00:00:00', '2021-10-31 00:00:00'),
	(103, 'Risa Kramer', 'convallis.est@adipiscing.ca', '35558', '2021-10-31 00:00:00', '2021-10-31 00:00:00'),
	(104, 'Zachery Mcfadden', 'magna.sed@diam.ca', 'DJ2 5BT', '2021-10-31 00:00:00', '2021-10-31 00:00:00'),
	(105, 'Finn Jordan', 'non.leo.vivamus@mieleifendegestas.co.uk', 'R3V 1T1', '2021-10-31 00:00:00', '2021-10-31 00:00:00'),
	(106, 'Jasper Howe', 'facilisis.facilisis.magna@utnulla.com', '2734', '2021-10-31 00:00:00', '2021-10-31 00:00:00'),
	(107, 'Ronan Clark', 'auctor@sempercursus.com', '6501', '2021-10-31 00:00:00', '2021-10-31 00:00:00'),
	(108, 'Francis Warner', 'vitae.dolor.donec@tristiquenequevenenatis.com', '346642', '2021-10-31 00:00:00', '2021-10-31 00:00:00'),
	(109, 'Whilemina Watts', 'sagittis.augue@dictumphasellusin.com', '6770', '2021-10-31 00:00:00', '2021-10-31 00:00:00'),
	(110, 'Brenna Molina', 'elementum.sem@nullamlobortis.co.uk', '2482', '2021-10-31 00:00:00', '2021-10-31 00:00:00'),
	(111, 'Hoyt Payne', 'senectus.et@sed.org', '168869', '2021-10-31 00:00:00', '2021-10-31 00:00:00'),
	(112, 'Suki Lyons', 'purus.duis.elementum@euismod.ca', '29752', '2021-10-31 00:00:00', '2021-10-31 00:00:00'),
	(113, 'Ivana Farrell', 'vitae.orci@nibhaliquam.co.uk', '03816', '2021-10-31 00:00:00', '2021-10-31 00:00:00'),
	(114, 'Buffy Mejia', 'nascetur.ridiculus@malesuadaintegerid.ca', '84191', '2021-10-31 00:00:00', '2021-10-31 00:00:00'),
	(115, 'Chava Strong', 'aenean.sed@egestasurna.edu', '67427', '2021-10-31 00:00:00', '2021-10-31 00:00:00'),
	(116, 'Dante Wilson', 'risus.in.mi@nuncullamcorper.com', '48550', '2021-10-31 00:00:00', '2021-10-31 00:00:00'),
	(117, 'Shelly Hoover', 'suspendisse@purusnullam.net', '37533', '2021-10-31 00:00:00', '2021-10-31 00:00:00'),
	(118, 'Peter Reynolds', 'proin.non@fringillacursus.co.uk', '08967', '2021-10-31 00:00:00', '2021-10-31 00:00:00'),
	(119, 'Hilda Hahn', 'fringilla.ornare@massavestibulum.edu', 'UI12 5CE', '2021-10-31 00:00:00', '2021-10-31 00:00:00'),
	(120, 'Philip Roberson', 'ipsum@facilisismagnatellus.org', '30818', '2021-10-31 00:00:00', '2021-10-31 00:00:00'),
	(121, 'Myra Baxter', 'mauris@nullasemper.co.uk', '27523', '2021-10-31 00:00:00', '2021-10-31 00:00:00'),
	(122, 'Myles Whitfield', 'aliquet.diam.sed@malesuadaid.ca', '44493', '2021-10-31 00:00:00', '2021-10-31 00:00:00'),
	(123, 'Benedict Mckay', 'orci.lacus.vestibulum@etiambibendum.edu', '38327', '2021-10-31 00:00:00', '2021-10-31 00:00:00'),
	(124, 'Aristotle Beard', 'eleifend.nec@malesuada.com', '64062', '2021-10-31 00:00:00', '2021-10-31 00:00:00'),
	(125, 'Clare Trujillo', 'posuere.at@sedidrisus.ca', '33102', '2021-10-31 00:00:00', '2021-10-31 00:00:00'),
	(126, 'Mark Santos', 'mollis.phasellus@loremvitaeodio.org', '1174', '2021-10-31 00:00:00', '2021-10-31 00:00:00'),
	(127, 'Carly Merrill', 'nibh.dolor@ametmassa.co.uk', 'V48 2SY', '2021-10-31 00:00:00', '2021-10-31 00:00:00'),
	(128, 'Dorothy Short', 'per.conubia@enimnectempus.com', '50172-375', '2021-10-31 00:00:00', '2021-10-31 00:00:00'),
	(129, 'Nerea Finch', 'ante@enim.ca', '511855', '2021-10-31 00:00:00', '2021-10-31 00:00:00'),
	(130, 'Jarrod Blackburn', 'eget.tincidunt@sem.com', 'I9 5RP', '2021-10-31 00:00:00', '2021-10-31 00:00:00'),
	(131, 'Bell Snider', 'penatibus@elitpellentesque.org', '42-715', '2021-10-31 00:00:00', '2021-10-31 00:00:00'),
	(132, 'Allistair Palmer', 'nec.urna@quisqueornaretortor.co.uk', '99847', '2021-10-31 00:00:00', '2021-10-31 00:00:00'),
	(133, 'Natalie Fulton', 'pede.suspendisse@musproinvel.com', '07632', '2021-10-31 00:00:00', '2021-10-31 00:00:00'),
	(134, 'Tate Horton', 'interdum.enim.non@risusnullaeget.org', 'B5W 1V0', '2021-10-31 00:00:00', '2021-10-31 00:00:00'),
	(135, 'Hannah Sampson', 'nulla@orci.net', '16524', '2021-10-31 00:00:00', '2021-10-31 00:00:00'),
	(136, 'Ayanna Diaz', 'risus.nulla@tincidunt.edu', '5021', '2021-10-31 00:00:00', '2021-10-31 00:00:00'),
	(137, 'Logan Abbott', 'posuere.enim.nisl@metussit.edu', '412579', '2021-10-31 00:00:00', '2021-10-31 00:00:00'),
	(138, 'Hall Cook', 'enim.commodo@proindolornulla.ca', '01580', '2021-10-31 00:00:00', '2021-10-31 00:00:00'),
	(139, 'Chloe Delgado', 'arcu.iaculis@aauctor.co.uk', '2344', '2021-10-31 00:00:00', '2021-10-31 00:00:00'),
	(140, 'Baker Barron', 'dictum.eu@morbitristiquesenectus.com', 'UL14 6SF', '2021-10-31 00:00:00', '2021-10-31 00:00:00'),
	(141, 'Gillian Vaughan', 'pede.ac@posuere.co.uk', '41065', '2021-10-31 00:00:00', '2021-10-31 00:00:00'),
	(142, 'Eve Lamb', 'ut.odio.vel@velitdui.com', '51417', '2021-10-31 00:00:00', '2021-10-31 00:00:00'),
	(143, 'Jolie Meadows', 'arcu.eu.odio@ipsumcurabiturconsequat.ca', '883219', '2021-10-31 00:00:00', '2021-10-31 00:00:00'),
	(144, 'Tanya Vaughn', 'aliquam.nisl@eget.com', '15298', '2021-10-31 00:00:00', '2021-10-31 00:00:00'),
	(145, 'Shaine Mack', 'in.faucibus.morbi@necorcidonec.net', '31101', '2021-10-31 00:00:00', '2021-10-31 00:00:00'),
	(146, 'Leroy Ayers', 'donec@nunc.com', '11718-62782', '2021-10-31 00:00:00', '2021-10-31 00:00:00'),
	(147, 'Hanae Rich', 'tempus.mauris.erat@velitinaliquet.ca', '66-513', '2021-10-31 00:00:00', '2021-10-31 00:00:00'),
	(148, 'Ignacia Moses', 'donec@proin.org', '618376', '2021-10-31 00:00:00', '2021-10-31 00:00:00'),
	(149, 'Forrest Pugh', 'et.euismod.et@mauris.ca', '20360', '2021-10-31 00:00:00', '2021-10-31 00:00:00'),
	(150, 'Vance Vinson', 'bibendum.donec.felis@auctormauris.ca', '4671', '2021-10-31 00:00:00', '2021-10-31 00:00:00'),
	(151, 'Joy Fischer', 'et.libero.proin@magnalorem.org', '09194-11876', '2021-10-31 00:00:00', '2021-10-31 00:00:00'),
	(152, 'Ralph Ayers', 'eros.nec@cursuset.org', '38723-72851', '2021-10-31 00:00:00', '2021-10-31 00:00:00'),
	(153, 'Hilda Carrillo', 'magna@fuscealiquet.net', '74346-22844', '2021-10-31 00:00:00', '2021-10-31 00:00:00'),
	(154, 'Plato Reyes', 'amet.diam@velvulputateeu.co.uk', '46809', '2021-10-31 00:00:00', '2021-10-31 00:00:00'),
	(155, 'Rebekah Cortez', 'ac.sem.ut@neccursus.org', 'H0X 4M7', '2021-10-31 00:00:00', '2021-10-31 00:00:00'),
	(156, 'Bo Blair', 'commodo@fuscefeugiat.ca', '18690', '2021-10-31 00:00:00', '2021-10-31 00:00:00'),
	(157, 'Amy Duffy', 'tempor.augue@quisqueornare.org', '83-087', '2021-10-31 00:00:00', '2021-10-31 00:00:00'),
	(158, 'Alexandra Norris', 'elit@etmalesuada.edu', '1311 NJ', '2021-10-31 00:00:00', '2021-10-31 00:00:00'),
	(159, 'Violet Cantu', 'ac.libero@asollicitudinorci.org', '88937', '2021-10-31 00:00:00', '2021-10-31 00:00:00'),
	(160, 'Brock Warner', 'accumsan.convallis@bibendumfermentum.co.uk', '361878', '2021-10-31 00:00:00', '2021-10-31 00:00:00'),
	(161, 'Nash Mcdaniel', 'dictum.eleifend@quisturpis.com', '787810', '2021-10-31 00:00:00', '2021-10-31 00:00:00'),
	(162, 'Ariana Stafford', 'montes.nascetur@diam.edu', '271267', '2021-10-31 00:00:00', '2021-10-31 00:00:00'),
	(163, 'Isadora Tyson', 'consequat.lectus@nibhaliquamornare.com', '8455', '2021-10-31 00:00:00', '2021-10-31 00:00:00'),
	(164, 'Mia Carpenter', 'bibendum.ullamcorper@cursuset.ca', '6389', '2021-10-31 00:00:00', '2021-10-31 00:00:00'),
	(165, 'Cody Adkins', 'amet@craseu.ca', '85-364', '2021-10-31 00:00:00', '2021-10-31 00:00:00'),
	(166, 'Plato Winters', 'parturient@auguescelerisquemollis.co.uk', '242451', '2021-10-31 00:00:00', '2021-10-31 00:00:00'),
	(167, 'Jasmine Valdez', 'nunc.sollicitudin.commodo@tellusnonmagna.ca', '665746', '2021-10-31 00:00:00', '2021-10-31 00:00:00'),
	(168, 'Lareina Brooks', 'magna.nec@atlibero.edu', '16773', '2021-10-31 00:00:00', '2021-10-31 00:00:00'),
	(169, 'Jin Keith', 'convallis.ante.lectus@inornare.ca', '250280', '2021-10-31 00:00:00', '2021-10-31 00:00:00'),
	(170, 'Cruz Best', 'sed.pede@sapien.org', '58274-846', '2021-10-31 00:00:00', '2021-10-31 00:00:00'),
	(171, 'MacKenzie Haynes', 'penatibus.et.magnis@nuncullamcorper.co.uk', '255468', '2021-10-31 00:00:00', '2021-10-31 00:00:00'),
	(172, 'Marcia Willis', 'venenatis.a@penatibus.net', '18-626', '2021-10-31 00:00:00', '2021-10-31 00:00:00'),
	(173, 'Ross Hopkins', 'purus@feugiatmetus.edu', '14281', '2021-10-31 00:00:00', '2021-10-31 00:00:00'),
	(174, 'Caesar Martinez', 'sagittis@donectincidunt.org', '32211', '2021-10-31 00:00:00', '2021-10-31 00:00:00'),
	(175, 'Imani Valdez', 'nibh.lacinia@scelerisqueneque.com', 'H7V 9L3', '2021-10-31 00:00:00', '2021-10-31 00:00:00'),
	(176, 'Vera Valencia', 'posuere.cubilia.curae@suspendisse.net', '826649', '2021-10-31 00:00:00', '2021-10-31 00:00:00'),
	(177, 'Wyoming Raymond', 'arcu.et@dapibusquam.com', '8151', '2021-10-31 00:00:00', '2021-10-31 00:00:00'),
	(178, 'Mary Henry', 'sem.egestas.blandit@metuseuerat.co.uk', '5188 HO', '2021-10-31 00:00:00', '2021-10-31 00:00:00'),
	(179, 'Bell Fisher', 'placerat.eget@luctusfelispurus.net', '20662', '2021-10-31 00:00:00', '2021-10-31 00:00:00'),
	(180, 'Vivian Malone', 'aliquet@blanditcongue.org', '61304-45192', '2021-10-31 00:00:00', '2021-10-31 00:00:00'),
	(181, 'Vernon Estrada', 'nunc.quis@pedesagittisaugue.org', '1678 QE', '2021-10-31 00:00:00', '2021-10-31 00:00:00'),
	(182, 'Pandora Gilmore', 'posuere.cubilia.curae@egetlacus.co.uk', '21207', '2021-10-31 00:00:00', '2021-10-31 00:00:00'),
	(183, 'Justina Melton', 'curabitur.egestas@netuset.net', '2133', '2021-10-31 00:00:00', '2021-10-31 00:00:00'),
	(184, 'Ferdinand Bartlett', 'ornare@aduicras.org', '20584', '2021-10-31 00:00:00', '2021-10-31 00:00:00'),
	(185, 'Sean Charles', 'semper.cursus.integer@luctusipsumleo.org', '77474', '2021-10-31 00:00:00', '2021-10-31 00:00:00'),
	(186, 'Hakeem Wolf', 'faucibus.orci@etmagnisdis.co.uk', '52231', '2021-10-31 00:00:00', '2021-10-31 00:00:00'),
	(187, 'Mark Howe', 'cras.eget@nectellus.com', '42738', '2021-10-31 00:00:00', '2021-10-31 00:00:00'),
	(188, 'Brynn Buck', 'integer.vulputate.risus@enim.ca', '63718', '2021-10-31 00:00:00', '2021-10-31 00:00:00'),
	(189, 'Halee Nixon', 'pharetra@gravidanuncsed.co.uk', '612362', '2021-10-31 00:00:00', '2021-10-31 00:00:00'),
	(190, 'Zane Spears', 'id.nunc@euismod.ca', '1159', '2021-10-31 00:00:00', '2021-10-31 00:00:00'),
	(191, 'Perry Burnett', 'purus.accumsan.interdum@fermentumrisus.com', '68183', '2021-10-31 00:00:00', '2021-10-31 00:00:00'),
	(192, 'Fleur Emerson', 'nisi@fringillacursuspurus.net', 'A9N 8H5', '2021-10-31 00:00:00', '2021-10-31 00:00:00'),
	(193, 'Thor Fitzpatrick', 'enim.curabitur.massa@mifelisadipiscing.net', '441495', '2021-10-31 00:00:00', '2021-10-31 00:00:00'),
	(194, 'Chadwick Flowers', 'ut.dolor@aneque.edu', '25842', '2021-10-31 00:00:00', '2021-10-31 00:00:00'),
	(195, 'Brett Berry', 'rutrum.eu@habitantmorbitristique.org', '62343', '2021-10-31 00:00:00', '2021-10-31 00:00:00'),
	(196, 'Zane Collins', 'risus.donec.egestas@eratin.com', '2572', '2021-10-31 00:00:00', '2021-10-31 00:00:00'),
	(197, 'Derek Bean', 'natoque@necmetus.org', '265983', '2021-10-31 00:00:00', '2021-10-31 00:00:00'),
	(198, 'Hashim Gaines', 'lectus.rutrum.urna@nunc.co.uk', '74206', '2021-10-31 00:00:00', '2021-10-31 00:00:00'),
	(199, 'Uriah Gallegos', 'vivamus.molestie@sitametmetus.com', '5023 DC', '2021-10-31 00:00:00', '2021-10-31 00:00:00'),
	(200, 'Gregory Figueroa', 'elit@congueturpisin.org', '363172', '2021-10-31 00:00:00', '2021-10-31 00:00:00'),
	(201, 'Knox Hood', 'elementum.sem@iderat.com', '83751', '2021-10-31 00:00:00', '2021-10-31 00:00:00'),
	(202, 'Nash Hess', 'non.sapien@sedleo.ca', 'H6H 8H1', '2021-10-31 00:00:00', '2021-10-31 00:00:00'),
	(203, 'Joan Murray', 'cras.dictum@sagittislobortis.org', '6551', '2021-10-31 00:00:00', '2021-10-31 00:00:00'),
	(204, 'Wilma Montgomery', 'vel@duiscursusdiam.org', '65820', '2021-10-31 00:00:00', '2021-10-31 00:00:00'),
	(205, 'Nadine Boyer', 'nulla.dignissim@enimsuspendissealiquet.ca', '6759', '2021-10-31 00:00:00', '2021-10-31 00:00:00'),
	(206, 'Abraham Schroeder', 'taciti.sociosqu.ad@aliquamnisl.net', '09560', '2021-10-31 00:00:00', '2021-10-31 00:00:00'),
	(207, 'Omar Payne', 'praesent.eu.nulla@cubiliacurae.edu', '3355', '2021-10-31 00:00:00', '2021-10-31 00:00:00'),
	(208, 'Sylvester Bell', 'quis.diam@eratnonummy.org', 'Y8K 8P6', '2021-10-31 00:00:00', '2021-10-31 00:00:00'),
	(209, 'Sharon Morales', 'faucibus@tristiquepellentesquetellus.com', 'N2 1ZA', '2021-10-31 00:00:00', '2021-10-31 00:00:00'),
	(210, 'Jesse Hendrix', 'praesent.interdum@aenean.ca', '34763', '2021-10-31 00:00:00', '2021-10-31 00:00:00'),
	(211, 'Leroy Knight', 'aliquam.gravida.mauris@sapien.com', '29324', '2021-10-31 00:00:00', '2021-10-31 00:00:00'),
	(212, 'Kadeem Trevino', 'interdum.enim@tortornunc.net', '629151', '2021-10-31 00:00:00', '2021-10-31 00:00:00'),
	(213, 'Deborah Benjamin', 'placerat@acturpis.org', '20-108', '2021-10-31 00:00:00', '2021-10-31 00:00:00'),
	(214, 'Kameko Goff', 'mus@risusvariusorci.com', '3658', '2021-10-31 00:00:00', '2021-10-31 00:00:00'),
	(215, 'Desirae Pugh', 'enim@dignissimpharetra.ca', '441615', '2021-10-31 00:00:00', '2021-10-31 00:00:00'),
	(216, 'Dennis Peck', 'cursus.et.eros@estmaurisrhoncus.com', '4863', '2021-10-31 00:00:00', '2021-10-31 00:00:00'),
	(217, 'Jaime Clarke', 'pede.sagittis.augue@justofaucibus.co.uk', '67467-56807', '2021-10-31 00:00:00', '2021-10-31 00:00:00'),
	(218, 'Vladimir Horne', 'diam.at@nisinibh.net', '42791', '2021-10-31 00:00:00', '2021-10-31 00:00:00'),
	(219, 'Christine Levine', 'malesuada@convalliserat.com', '42718', '2021-10-31 00:00:00', '2021-10-31 00:00:00'),
	(220, 'Howard Nguyen', 'facilisis@mi.com', '4846 PJ', '2021-10-31 00:00:00', '2021-10-31 00:00:00'),
	(221, 'Armand Santiago', 'risus@utpellentesque.net', '56X 6E7', '2021-10-31 00:00:00', '2021-10-31 00:00:00'),
	(222, 'Ross Coffey', 'congue.in.scelerisque@tacitisociosqu.net', 'L4A 5N8', '2021-10-31 00:00:00', '2021-10-31 00:00:00'),
	(223, 'Hadley Ramirez', 'arcu.vivamus@atlacus.net', '20965', '2021-10-31 00:00:00', '2021-10-31 00:00:00'),
	(224, 'Thaddeus O\'brien', 'egestas@libero.co.uk', '64629', '2021-10-31 00:00:00', '2021-10-31 00:00:00'),
	(225, 'Stephen Pace', 'sed@pellentesquemassa.com', '386523', '2021-10-31 00:00:00', '2021-10-31 00:00:00'),
	(226, 'Laurel Bray', 'eleifend.egestas.sed@mauris.ca', '07476', '2021-10-31 00:00:00', '2021-10-31 00:00:00'),
	(227, 'Kennan Blankenship', 'dolor@nullacras.com', '874277', '2021-10-31 00:00:00', '2021-10-31 00:00:00'),
	(228, 'Sopoline Talley', 'cum@noncursus.com', '647862', '2021-10-31 00:00:00', '2021-10-31 00:00:00'),
	(229, 'Xenos Hudson', 'proin@cursus.co.uk', '37-425', '2021-10-31 00:00:00', '2021-10-31 00:00:00'),
	(230, 'Samson Pena', 'dis.parturient@nisl.net', '40316', '2021-10-31 00:00:00', '2021-10-31 00:00:00'),
	(231, 'Megan Steele', 'orci@auguemalesuada.co.uk', '11555', '2021-10-31 00:00:00', '2021-10-31 00:00:00'),
	(232, 'Zachery Vinson', 'aliquam.rutrum@pharetrasedhendrerit.ca', '934564', '2021-10-31 00:00:00', '2021-10-31 00:00:00'),
	(233, 'Kaseem Pugh', 'auctor.vitae@dolorsit.edu', 'O6E 1G3', '2021-10-31 00:00:00', '2021-10-31 00:00:00'),
	(234, 'Penelope Hill', 'neque.nullam.nisl@integerinmagna.com', '4161', '2021-10-31 00:00:00', '2021-10-31 00:00:00'),
	(235, 'Naida Lang', 'vivamus.rhoncus.donec@nislnulla.ca', '282618', '2021-10-31 00:00:00', '2021-10-31 00:00:00'),
	(236, 'Rebecca Sullivan', 'turpis.in@actellus.ca', '34388', '2021-10-31 00:00:00', '2021-10-31 00:00:00'),
	(237, 'Marcia Lang', 'magna.et@nec.com', '1838', '2021-10-31 00:00:00', '2021-10-31 00:00:00'),
	(238, 'Gil Maldonado', 'malesuada.id.erat@morbi.edu', '2458', '2021-10-31 00:00:00', '2021-10-31 00:00:00'),
	(239, 'Paloma Kennedy', 'nec@vulputateeu.edu', '2473', '2021-10-31 00:00:00', '2021-10-31 00:00:00'),
	(240, 'Sade Malone', 'aliquam.auctor@liberonecligula.edu', 'L9E 6E4', '2021-10-31 00:00:00', '2021-10-31 00:00:00'),
	(241, 'Shay Carey', 'eget.ipsum@morbitristique.com', '47987-45342', '2021-10-31 00:00:00', '2021-10-31 00:00:00'),
	(242, 'Yolanda Harrington', 'dolor.vitae.dolor@sedetlibero.ca', '81384-285', '2021-10-31 00:00:00', '2021-10-31 00:00:00'),
	(243, 'Vincent Bowen', 'ligula.aenean.euismod@eterosproin.org', '48918', '2021-10-31 00:00:00', '2021-10-31 00:00:00'),
	(244, 'Bianca Vang', 'odio.auctor@integer.co.uk', '24373', '2021-10-31 00:00:00', '2021-10-31 00:00:00'),
	(245, 'Kato Hatfield', 'aliquam.eros@nullam.com', '218753', '2021-10-31 00:00:00', '2021-10-31 00:00:00'),
	(246, 'Zena Watts', 'sollicitudin.a.malesuada@egetnisidictum.ca', '2759', '2021-10-31 00:00:00', '2021-10-31 00:00:00'),
	(247, 'Kimberley Gardner', 'ullamcorper.duis@pharetranam.net', '3527', '2021-10-31 00:00:00', '2021-10-31 00:00:00'),
	(248, 'Bert Mcguire', 'vitae.erat.vivamus@vitaeorci.net', '43447', '2021-10-31 00:00:00', '2021-10-31 00:00:00'),
	(249, 'Tobias Rodgers', 'nullam.scelerisque@porttitor.com', '18256', '2021-10-31 00:00:00', '2021-10-31 00:00:00'),
	(250, 'Tanek Horn', 'sed.libero.proin@laoreet.net', '18738', '2021-10-31 00:00:00', '2021-10-31 00:00:00'),
	(251, 'Ashton Mueller', 'aenean@eusem.org', '28283', '2021-10-31 00:00:00', '2021-10-31 00:00:00'),
	(252, 'Oprah Hayden', 'proin.eget@magnased.ca', '885872', '2021-10-31 00:00:00', '2021-10-31 00:00:00'),
	(253, 'Ann Noble', 'in.tempus@maurisnon.net', '416185', '2021-10-31 00:00:00', '2021-10-31 00:00:00'),
	(254, 'Grant Gilbert', 'metus.facilisis.lorem@anteblandit.edu', '162878', '2021-10-31 00:00:00', '2021-10-31 00:00:00'),
	(255, 'Felix Macdonald', 'nec.enim@ullamcorperduis.ca', '400999', '2021-10-31 00:00:00', '2021-10-31 00:00:00'),
	(256, 'Savannah Gallegos', 'montes.nascetur@pulvinararcu.edu', '11810', '2021-10-31 00:00:00', '2021-10-31 00:00:00'),
	(257, 'Reed Cain', 'a.neque@tempus.org', '823518', '2021-10-31 00:00:00', '2021-10-31 00:00:00'),
	(258, 'Callum Santiago', 'nec.cursus.a@mipedenonummy.com', '38636-43267', '2021-10-31 00:00:00', '2021-10-31 00:00:00'),
	(259, 'Gregory Welch', 'orci.ut@suscipitest.org', '21603', '2021-10-31 00:00:00', '2021-10-31 00:00:00'),
	(260, 'Calvin Madden', 'rhoncus.donec@felisadipiscing.co.uk', '11038', '2021-10-31 00:00:00', '2021-10-31 00:00:00'),
	(261, 'Willow Bowers', 'magna.nam.ligula@aaliquet.ca', '00585', '2021-10-31 00:00:00', '2021-10-31 00:00:00'),
	(262, 'Dane Madden', 'metus@sed.com', '8303', '2021-10-31 00:00:00', '2021-10-31 00:00:00'),
	(263, 'Imelda Young', 'elit.pellentesque@commodohendreritdonec.co.uk', '6824', '2021-10-31 00:00:00', '2021-10-31 00:00:00'),
	(264, 'Wynter Mckenzie', 'donec.tincidunt@ligula.co.uk', '21533-774', '2021-10-31 00:00:00', '2021-10-31 00:00:00'),
	(265, 'Aaron Velez', 'est.tempor@pellentesquehabitant.com', '3409 JX', '2021-10-31 00:00:00', '2021-10-31 00:00:00'),
	(266, 'Ciaran Dalton', 'urna.ut.tincidunt@maurisnullainteger.co.uk', '28483', '2021-10-31 00:00:00', '2021-10-31 00:00:00'),
	(267, 'Yvonne Oliver', 'enim.sed@namacnulla.ca', '8583', '2021-10-31 00:00:00', '2021-10-31 00:00:00'),
	(268, 'Hillary Travis', 'tincidunt.neque.vitae@nequeet.edu', 'Y6G 3H2', '2021-10-31 00:00:00', '2021-10-31 00:00:00'),
	(269, 'Hu Bishop', 'tincidunt.donec.vitae@nec.edu', '539666', '2021-10-31 00:00:00', '2021-10-31 00:00:00'),
	(270, 'Dante Cooke', 'quis.arcu@id.com', '14575', '2021-10-31 00:00:00', '2021-10-31 00:00:00'),
	(271, 'Sarah Dyer', 'ullamcorper@consectetuermauris.org', '31557176', '2021-10-31 00:00:00', '2021-10-31 00:00:00'),
	(272, 'Todd Lowery', 'faucibus.leo.in@sedduifusce.net', '50114-13623', '2021-10-31 00:00:00', '2021-10-31 00:00:00'),
	(273, 'Jesse Reese', 'vel@fuscedolor.net', '3397 BQ', '2021-10-31 00:00:00', '2021-10-31 00:00:00'),
	(274, 'Tatum Richard', 'duis.elementum@tinciduntduiaugue.com', '297155', '2021-10-31 00:00:00', '2021-10-31 00:00:00'),
	(275, 'Murphy Rocha', 'sapien.gravida@praesenteu.edu', '1100', '2021-10-31 00:00:00', '2021-10-31 00:00:00'),
	(276, 'Tanya Small', 'quisque@venenatisvel.edu', '4584', '2021-10-31 00:00:00', '2021-10-31 00:00:00'),
	(277, 'Alden Diaz', 'sed.neque.sed@vitaemauris.ca', '60917', '2021-10-31 00:00:00', '2021-10-31 00:00:00'),
	(278, 'Quail Weaver', 'in.molestie@auctor.org', '13324-927', '2021-10-31 00:00:00', '2021-10-31 00:00:00'),
	(279, 'Macey Hart', 'eros.nam@quamvel.co.uk', '3601', '2021-10-31 00:00:00', '2021-10-31 00:00:00'),
	(280, 'Clayton Buckner', 'cursus.a@eratetiam.co.uk', '181271', '2021-10-31 00:00:00', '2021-10-31 00:00:00'),
	(281, 'Kadeem Macdonald', 'nullam@aliquetvel.org', '66G 7K9', '2021-10-31 00:00:00', '2021-10-31 00:00:00'),
	(282, 'Nita Rivers', 'sed.et@nulla.edu', '7251', '2021-10-31 00:00:00', '2021-10-31 00:00:00'),
	(283, 'Cleo Mckay', 'augue@duis.edu', '67372', '2021-10-31 00:00:00', '2021-10-31 00:00:00'),
	(284, 'Elvis Pickett', 'et@orci.co.uk', '16544', '2021-10-31 00:00:00', '2021-10-31 00:00:00'),
	(285, 'Erica Patel', 'eget.varius.ultrices@in.org', '08201', '2021-10-31 00:00:00', '2021-10-31 00:00:00'),
	(286, 'Molly Emerson', 'nisi.nibh@aeneanmassa.org', '95271', '2021-10-31 00:00:00', '2021-10-31 00:00:00'),
	(287, 'Kalia Rodgers', 'proin.sed@montesnascetur.net', '244168', '2021-10-31 00:00:00', '2021-10-31 00:00:00'),
	(288, 'Meredith Carney', 'donec.luctus.aliquet@eutellus.co.uk', '54415', '2021-10-31 00:00:00', '2021-10-31 00:00:00'),
	(289, 'Nero Hickman', 'pellentesque.massa@aliquamnec.ca', '27268', '2021-10-31 00:00:00', '2021-10-31 00:00:00'),
	(290, 'Scarlett Garner', 'phasellus.at@porttitortellus.org', '73828', '2021-10-31 00:00:00', '2021-10-31 00:00:00'),
	(291, 'Fitzgerald Tillman', 'nec.orci@quisque.edu', '6995', '2021-10-31 00:00:00', '2021-10-31 00:00:00'),
	(292, 'Russell Haynes', 'in.consectetuer@volutpatnunc.net', '953345', '2021-10-31 00:00:00', '2021-10-31 00:00:00'),
	(293, 'Yetta Puckett', 'elit@magna.co.uk', '03361', '2021-10-31 00:00:00', '2021-10-31 00:00:00'),
	(294, 'Hashim Gilbert', 'phasellus.libero@consequatdolor.org', '1121 MI', '2021-10-31 00:00:00', '2021-10-31 00:00:00'),
	(295, 'Zephania Gilbert', 'neque.tellus.imperdiet@nonarcu.edu', '10281', '2021-10-31 00:00:00', '2021-10-31 00:00:00'),
	(296, 'Kylan Castro', 'malesuada.fringilla@suspendissetristique.ca', 'T3Y 8E0', '2021-10-31 00:00:00', '2021-10-31 00:00:00'),
	(297, 'Athena Cotton', 'vestibulum.mauris.magna@orci.co.uk', 'U5J 4R2', '2021-10-31 00:00:00', '2021-10-31 00:00:00'),
	(298, 'Cullen Adams', 'vel@lectusconvallis.net', '14530', '2021-10-31 00:00:00', '2021-10-31 00:00:00'),
	(299, 'Malachi Suarez', 'augue@risusquis.com', '13333', '2021-10-31 00:00:00', '2021-10-31 00:00:00'),
	(300, 'Acton Bryant', 'etiam.imperdiet@vivamusrhoncus.edu', 'A7B 7J8', '2021-10-31 00:00:00', '2021-10-31 00:00:00'),
	(301, 'Roanna Richardson', 'cum@utaliquam.co.uk', '698979', '2021-10-31 00:00:00', '2021-10-31 00:00:00'),
	(302, 'Hamish Morrison', 'quam@idsapiencras.com', 'I2W 7W2', '2021-10-31 00:00:00', '2021-10-31 00:00:00'),
	(303, 'Brynne Dyer', 'urna@musproin.ca', '45-193', '2021-10-31 00:00:00', '2021-10-31 00:00:00'),
	(304, 'Dana Bray', 'eu.lacus.quisque@ornare.ca', 'G29 3OA', '2021-10-31 00:00:00', '2021-10-31 00:00:00'),
	(305, 'Gregory Gray', 'interdum.enim.non@sagittisfelis.org', '94735', '2021-10-31 00:00:00', '2021-10-31 00:00:00'),
	(306, 'Dieter Thomas', 'amet.dapibus@sit.net', 'R5R 4V2', '2021-10-31 00:00:00', '2021-10-31 00:00:00'),
	(307, 'Grace Larsen', 'eget@adipiscing.ca', '856387', '2021-10-31 00:00:00', '2021-10-31 00:00:00'),
	(308, 'Francesca Ellis', 'aenean@eget.org', '321171', '2021-10-31 00:00:00', '2021-10-31 00:00:00'),
	(309, 'Brendan Watson', 'aliquam.ultrices@donecporttitor.net', '8773', '2021-10-31 00:00:00', '2021-10-31 00:00:00'),
	(310, 'Matthew Perry', 'fringilla@tempusscelerisque.org', '62543', '2021-10-31 00:00:00', '2021-10-31 00:00:00'),
	(311, 'Sarah Meyer', 'urna.nec@lectusquis.ca', '3379 CO', '2021-10-31 00:00:00', '2021-10-31 00:00:00'),
	(312, 'Erich Shaffer', 'volutpat.nunc.sit@necluctusfelis.ca', '693842', '2021-10-31 00:00:00', '2021-10-31 00:00:00'),
	(313, 'Duncan Sawyer', 'molestie.tortor@tincidunt.edu', '249868', '2021-10-31 00:00:00', '2021-10-31 00:00:00'),
	(314, 'Signe Sanders', 'ac@maurisaliquameu.edu', '264365', '2021-10-31 00:00:00', '2021-10-31 00:00:00'),
	(315, 'Keaton Meyer', 'felis.nulla@cras.org', '735692', '2021-10-31 00:00:00', '2021-10-31 00:00:00'),
	(316, 'Ray Hess', 'nec.orci@aliquam.org', '0655 GE', '2021-10-31 00:00:00', '2021-10-31 00:00:00'),
	(317, 'Jorden Hess', 'lacus.mauris@enimgravida.net', '11828', '2021-10-31 00:00:00', '2021-10-31 00:00:00'),
	(318, 'Orlando York', 'ut.aliquam@dignissimlacusaliquam.ca', '24518', '2021-10-31 00:00:00', '2021-10-31 00:00:00'),
	(319, 'Chase Keith', 'fusce@luctusetultrices.edu', '83566', '2021-10-31 00:00:00', '2021-10-31 00:00:00'),
	(320, 'Chandler Hayes', 'elementum@sapiennuncpulvinar.ca', '5867', '2021-10-31 00:00:00', '2021-10-31 00:00:00'),
	(321, 'Wang Stone', 'cras.interdum@interdumnunc.com', '04973', '2021-10-31 00:00:00', '2021-10-31 00:00:00'),
	(322, 'Fritz Booker', 'eget.magna@sempercursus.co.uk', '58514', '2021-10-31 00:00:00', '2021-10-31 00:00:00'),
	(323, 'Iona Bean', 'dapibus.gravida@maurisut.com', '48061', '2021-10-31 00:00:00', '2021-10-31 00:00:00'),
	(324, 'Mary Key', 'eget@portaelita.org', '22750', '2021-10-31 00:00:00', '2021-10-31 00:00:00'),
	(325, 'Hayfa Rocha', 'donec.est@urnanecluctus.ca', '614571', '2021-10-31 00:00:00', '2021-10-31 00:00:00'),
	(326, 'Richard Grant', 'egestas.hendrerit@metusinnec.org', '41213', '2021-10-31 00:00:00', '2021-10-31 00:00:00'),
	(327, 'Carl Frederick', 'sed.facilisis.vitae@nisl.org', '1650', '2021-10-31 00:00:00', '2021-10-31 00:00:00'),
	(328, 'Meghan Thornton', 'penatibus.et@ipsumporta.net', 'Y9 3MR', '2021-10-31 00:00:00', '2021-10-31 00:00:00'),
	(329, 'Palmer Wade', 'in.hendrerit@inmi.net', '524407', '2021-10-31 00:00:00', '2021-10-31 00:00:00'),
	(330, 'Brittany Gamble', 'nulla.facilisi@ligulaeuenim.org', '72-271', '2021-10-31 00:00:00', '2021-10-31 00:00:00'),
	(331, 'Shelley Dunn', 'nunc.mauris@semmagnanec.ca', '52976', '2021-10-31 00:00:00', '2021-10-31 00:00:00'),
	(332, 'Suki Saunders', 'nunc@eunulla.org', '367345', '2021-10-31 00:00:00', '2021-10-31 00:00:00'),
	(333, 'Lacota O\'neill', 'magna.praesent.interdum@proinnon.co.uk', '981177', '2021-10-31 00:00:00', '2021-10-31 00:00:00'),
	(334, 'Karleigh Hicks', 'metus.urna@eget.ca', '85-731', '2021-10-31 00:00:00', '2021-10-31 00:00:00'),
	(335, 'Baxter James', 'in.molestie@necquam.com', '321340', '2021-10-31 00:00:00', '2021-10-31 00:00:00'),
	(336, 'Asher Gilbert', 'magna.ut@laoreetlibero.com', '50102', '2021-10-31 00:00:00', '2021-10-31 00:00:00'),
	(337, 'Brittany Hendrix', 'mollis.vitae@inmagnaphasellus.org', '325417', '2021-10-31 00:00:00', '2021-10-31 00:00:00'),
	(338, 'Tanisha Bridges', 'erat.semper.rutrum@dolor.co.uk', '54727', '2021-10-31 00:00:00', '2021-10-31 00:00:00'),
	(339, 'Hyacinth Reyes', 'molestie.orci@nequesed.net', '628438', '2021-10-31 00:00:00', '2021-10-31 00:00:00'),
	(340, 'Tanner Long', 'morbi.neque.tellus@vulputatevelit.ca', '26583-889', '2021-10-31 00:00:00', '2021-10-31 00:00:00'),
	(341, 'Evan Burris', 'mollis@ipsumnon.com', '88403', '2021-10-31 00:00:00', '2021-10-31 00:00:00'),
	(342, 'Russell Hoover', 'imperdiet.dictum@sedtortor.edu', '31859', '2021-10-31 00:00:00', '2021-10-31 00:00:00'),
	(343, 'Colleen Meadows', 'at.fringilla@gravidapraesent.co.uk', '23774', '2021-10-31 00:00:00', '2021-10-31 00:00:00'),
	(344, 'Gregory Owens', 'nulla.eget.metus@cursusa.co.uk', '55344-539', '2021-10-31 00:00:00', '2021-10-31 00:00:00'),
	(345, 'Illana Stanton', 'nec@nonhendreritid.ca', '57533', '2021-10-31 00:00:00', '2021-10-31 00:00:00'),
	(346, 'Virginia Foley', 'rutrum@donecfringilla.net', '74331', '2021-10-31 00:00:00', '2021-10-31 00:00:00'),
	(347, 'Chandler Golden', 'dui.suspendisse@tincidunt.ca', '46X 5V3', '2021-10-31 00:00:00', '2021-10-31 00:00:00'),
	(348, 'Austin Dorsey', 'donec.vitae.erat@velitjusto.ca', '425987', '2021-10-31 00:00:00', '2021-10-31 00:00:00'),
	(349, 'Jackson Taylor', 'fusce.dolor@a.com', '368654', '2021-10-31 00:00:00', '2021-10-31 00:00:00'),
	(350, 'Rashad Hester', 'sed.tortor@lacus.org', '17326', '2021-10-31 00:00:00', '2021-10-31 00:00:00'),
	(351, 'Dara Mcmahon', 'aliquam.eu.accumsan@nequenullam.co.uk', '2901 RR', '2021-10-31 00:00:00', '2021-10-31 00:00:00'),
	(352, 'Farrah Cunningham', 'integer.eu@orciutsagittis.net', '4414', '2021-10-31 00:00:00', '2021-10-31 00:00:00'),
	(353, 'Buckminster Kramer', 'malesuada.augue@crasvulputatevelit.net', '72387', '2021-10-31 00:00:00', '2021-10-31 00:00:00'),
	(354, 'Carly Woods', 'in.magna.phasellus@phasellusdolor.ca', '16279', '2021-10-31 00:00:00', '2021-10-31 00:00:00'),
	(355, 'Barrett Alexander', 'eu.elit@velarcueu.edu', '11395', '2021-10-31 00:00:00', '2021-10-31 00:00:00'),
	(356, 'Jordan Carlson', 'sagittis.felis@dolorvitaedolor.edu', '23-471', '2021-10-31 00:00:00', '2021-10-31 00:00:00'),
	(357, 'Wyatt Sosa', 'mattis.velit@etpedenunc.com', '9123', '2021-10-31 00:00:00', '2021-10-31 00:00:00'),
	(358, 'Macey Jones', 'arcu.et@nec.com', '80-579', '2021-10-31 00:00:00', '2021-10-31 00:00:00'),
	(359, 'Nasim Mcdaniel', 'tristique.senectus@aliquamornare.net', '97164-556', '2021-10-31 00:00:00', '2021-10-31 00:00:00'),
	(360, 'Valentine Justice', 'sollicitudin.orci@ametante.net', '73855', '2021-10-31 00:00:00', '2021-10-31 00:00:00'),
	(361, 'Ursula Mcpherson', 'euismod.urna@fames.net', '6319', '2021-10-31 00:00:00', '2021-10-31 00:00:00'),
	(362, 'MacKenzie Joseph', 'in.condimentum@tinciduntneque.org', '30102', '2021-10-31 00:00:00', '2021-10-31 00:00:00'),
	(363, 'Quin Joyner', 'curabitur.egestas@utcursus.ca', '9783', '2021-10-31 00:00:00', '2021-10-31 00:00:00'),
	(364, 'Brenna Lane', 'non.hendrerit.id@duicum.org', '78856', '2021-10-31 00:00:00', '2021-10-31 00:00:00'),
	(365, 'Garrison Stone', 'dapibus.quam@elitpellentesquea.co.uk', '68176', '2021-10-31 00:00:00', '2021-10-31 00:00:00'),
	(366, 'Charity Vaughn', 'nibh.dolor@acmattis.com', '50501', '2021-10-31 00:00:00', '2021-10-31 00:00:00'),
	(367, 'Tatum Hill', 'quis.arcu@tinciduntpedeac.com', '83617-07518', '2021-10-31 00:00:00', '2021-10-31 00:00:00'),
	(368, 'Portia Richmond', 'placerat@eu.com', '7265', '2021-10-31 00:00:00', '2021-10-31 00:00:00'),
	(369, 'Hakeem Leon', 'tempor.arcu.vestibulum@cumsociis.com', '13598', '2021-10-31 00:00:00', '2021-10-31 00:00:00'),
	(370, 'Nathan Barrett', 'semper@parturient.ca', '168044', '2021-10-31 00:00:00', '2021-10-31 00:00:00'),
	(371, 'Beck Schwartz', 'semper.rutrum@eratnonummy.org', '2431', '2021-10-31 00:00:00', '2021-10-31 00:00:00'),
	(372, 'Kenyon Lambert', 'diam.eu@amet.com', '3841', '2021-10-31 00:00:00', '2021-10-31 00:00:00'),
	(373, 'Hu Joseph', 'ultricies.sem@et.ca', '872443', '2021-10-31 00:00:00', '2021-10-31 00:00:00'),
	(374, 'Louis Lawson', 'enim.nunc@maurisut.edu', '57505', '2021-10-31 00:00:00', '2021-10-31 00:00:00'),
	(375, 'Dorian Parks', 'ultrices.iaculis.odio@tinciduntvehicularisus.edu', '72983', '2021-10-31 00:00:00', '2021-10-31 00:00:00'),
	(376, 'Dana Weber', 'et@ipsum.org', '185233', '2021-10-31 00:00:00', '2021-10-31 00:00:00'),
	(377, 'Zena Hubbard', 'pede.et.risus@fringilladonec.edu', 'A0Z 8R3', '2021-10-31 00:00:00', '2021-10-31 00:00:00'),
	(378, 'Haley Randall', 'aliquam.ornare@pulvinar.net', '77998-19742', '2021-10-31 00:00:00', '2021-10-31 00:00:00'),
	(379, 'Stone Shepard', 'magna.cras.convallis@vulputaterisus.org', '06854', '2021-10-31 00:00:00', '2021-10-31 00:00:00'),
	(380, 'Joseph Kidd', 'mauris.magna@senectusetnetus.com', '51227', '2021-10-31 00:00:00', '2021-10-31 00:00:00'),
	(381, 'Maxine Sears', 'erat@utcursusluctus.org', '35069', '2021-10-31 00:00:00', '2021-10-31 00:00:00'),
	(382, 'Buckminster Hernandez', 'donec.tempus.lorem@risusduis.net', '3252', '2021-10-31 00:00:00', '2021-10-31 00:00:00'),
	(383, 'Hasad Mccullough', 'vitae.sodales@elementumduiquis.com', 'B57 7ZR', '2021-10-31 00:00:00', '2021-10-31 00:00:00'),
	(384, 'Jin Valencia', 'torquent.per@aliquet.com', '28448', '2021-10-31 00:00:00', '2021-10-31 00:00:00'),
	(385, 'Kieran Buck', 'viverra.donec@id.edu', '63393', '2021-10-31 00:00:00', '2021-10-31 00:00:00'),
	(386, 'Sydney Carney', 'mi.lacinia@ut.com', 'B6B 1V4', '2021-10-31 00:00:00', '2021-10-31 00:00:00'),
	(387, 'Kylan Weber', 'dui@necurnaet.org', '087818', '2021-10-31 00:00:00', '2021-10-31 00:00:00'),
	(388, 'Camden O\'brien', 'quisque.ornare@inhendrerit.co.uk', '3288', '2021-10-31 00:00:00', '2021-10-31 00:00:00'),
	(389, 'Athena Raymond', 'pede.sagittis.augue@ametconsectetuer.ca', '661105', '2021-10-31 00:00:00', '2021-10-31 00:00:00'),
	(390, 'Laura Michael', 'aliquam.ultrices@inscelerisque.net', '7250', '2021-10-31 00:00:00', '2021-10-31 00:00:00'),
	(391, 'Carlos Sexton', 'eu.eros@metusvivamuseuismod.com', '8186', '2021-10-31 00:00:00', '2021-10-31 00:00:00'),
	(392, 'Hanae Hart', 'massa.quisque@nullaat.ca', '06576', '2021-10-31 00:00:00', '2021-10-31 00:00:00'),
	(393, 'Angelica Hodge', 'risus.donec@et.org', '1064', '2021-10-31 00:00:00', '2021-10-31 00:00:00'),
	(394, 'Hashim Benjamin', 'penatibus@imperdietullamcorper.net', '39433', '2021-10-31 00:00:00', '2021-10-31 00:00:00'),
	(395, 'Naomi Graham', 'primis@convallisconvallisdolor.com', '67-837', '2021-10-31 00:00:00', '2021-10-31 00:00:00'),
	(396, 'Angelica Powell', 'donec.vitae.erat@aceleifend.net', '867713', '2021-10-31 00:00:00', '2021-10-31 00:00:00'),
	(397, 'Christian Trevino', 'ac.mattis@acipsumphasellus.co.uk', '43089', '2021-10-31 00:00:00', '2021-10-31 00:00:00'),
	(398, 'Hayes Avery', 'massa.suspendisse@est.co.uk', '2778', '2021-10-31 00:00:00', '2021-10-31 00:00:00'),
	(399, 'Sopoline Clay', 'rutrum@nuncac.com', '72295', '2021-10-31 00:00:00', '2021-10-31 00:00:00'),
	(400, 'Ulric Cote', 'blandit.mattis.cras@nuncmauris.org', '17758-25246', '2021-10-31 00:00:00', '2021-10-31 00:00:00'),
	(401, 'Colby Rasmussen', 'libero@consequatauctor.com', '49B 5T4', '2021-10-31 00:00:00', '2021-10-31 00:00:00'),
	(402, 'Eric Lancaster', 'nullam.velit@pretiumetrutrum.edu', '919777', '2021-10-31 00:00:00', '2021-10-31 00:00:00'),
	(403, 'Xanthus Whitfield', 'ut.molestie.in@phasellusfermentumconvallis.org', '02464', '2021-10-31 00:00:00', '2021-10-31 00:00:00'),
	(404, 'Darius Gregory', 'bibendum.donec.felis@ultricesa.com', '491578', '2021-10-31 00:00:00', '2021-10-31 00:00:00'),
	(405, 'Judah Witt', 'egestas@porttitor.org', '50757-26440', '2021-10-31 00:00:00', '2021-10-31 00:00:00'),
	(406, 'Melissa Gutierrez', 'fermentum.risus@bibendumsed.ca', '40264', '2021-10-31 00:00:00', '2021-10-31 00:00:00'),
	(407, 'Isabella Calderon', 'penatibus@semperetlacinia.com', '22706', '2021-10-31 00:00:00', '2021-10-31 00:00:00'),
	(408, 'Josiah Green', 'elementum.at@nullam.edu', '22244', '2021-10-31 00:00:00', '2021-10-31 00:00:00'),
	(409, 'Serena Dominguez', 'tortor@commodo.ca', '68821', '2021-10-31 00:00:00', '2021-10-31 00:00:00'),
	(410, 'Neve Huber', 'egestas@eleifendnuncrisus.com', '301115', '2021-10-31 00:00:00', '2021-10-31 00:00:00'),
	(411, 'Kylee Hoover', 'ligula.tortor.dictum@tellussuspendisse.org', '28767', '2021-10-31 00:00:00', '2021-10-31 00:00:00'),
	(412, 'Josephine Morales', 'vestibulum@egestassedpharetra.com', '6464', '2021-10-31 00:00:00', '2021-10-31 00:00:00'),
	(413, 'Maisie Coleman', 'sociis.natoque.penatibus@nonnisiaenean.com', '473157', '2021-10-31 00:00:00', '2021-10-31 00:00:00'),
	(414, 'Jacob Shepard', 'parturient.montes.nascetur@euodiophasellus.ca', '9875 HO', '2021-10-31 00:00:00', '2021-10-31 00:00:00'),
	(415, 'Raya Patrick', 'quisque@velitjustonec.net', '3828', '2021-10-31 00:00:00', '2021-10-31 00:00:00'),
	(416, 'Riley Murray', 'malesuada.fames@nequetellus.com', '37714', '2021-10-31 00:00:00', '2021-10-31 00:00:00'),
	(417, 'Jorden Hahn', 'mi.duis@et.co.uk', '473713', '2021-10-31 00:00:00', '2021-10-31 00:00:00'),
	(418, 'Meredith Hudson', 'risus.in@nullacras.com', '8854', '2021-10-31 00:00:00', '2021-10-31 00:00:00'),
	(419, 'Ori Barron', 'pede.cum.sociis@magnisdis.org', '2906 MY', '2021-10-31 00:00:00', '2021-10-31 00:00:00'),
	(420, 'Stacy Henry', 'integer@ligulanullamenim.org', '7493', '2021-10-31 00:00:00', '2021-10-31 00:00:00'),
	(421, 'Mari Levine', 'lectus.a@tempuseu.edu', '40214', '2021-10-31 00:00:00', '2021-10-31 00:00:00'),
	(422, 'Vielka Pierce', 'vitae@magna.ca', '53286-75244', '2021-10-31 00:00:00', '2021-10-31 00:00:00'),
	(423, 'Azalia Valenzuela', 'aliquam.ornare@consectetueradipiscingelit.ca', '55784', '2021-10-31 00:00:00', '2021-10-31 00:00:00'),
	(424, 'Madonna Bean', 'ac.turpis.egestas@nunc.net', 'T3M 5M6', '2021-10-31 00:00:00', '2021-10-31 00:00:00'),
	(425, 'Simone Quinn', 'diam.dictum@venenatisvel.com', '146703', '2021-10-31 00:00:00', '2021-10-31 00:00:00'),
	(426, 'Damon Workman', 'vulputate.ullamcorper@luctusvulputate.com', '55450', '2021-10-31 00:00:00', '2021-10-31 00:00:00'),
	(427, 'Ursa Larsen', 'elit@laciniased.com', '04770', '2021-10-31 00:00:00', '2021-10-31 00:00:00'),
	(428, 'Virginia Webster', 'id.libero.donec@nislsem.edu', '1367', '2021-10-31 00:00:00', '2021-10-31 00:00:00'),
	(429, 'Lane Buck', 'sed.pede@incursuset.com', '127449', '2021-10-31 00:00:00', '2021-10-31 00:00:00'),
	(430, 'Marah Battle', 'vehicula.et@volutpatnulla.com', '988522', '2021-10-31 00:00:00', '2021-10-31 00:00:00'),
	(431, 'Vivien Greene', 'nisi.a@mi.com', '21111', '2021-10-31 00:00:00', '2021-10-31 00:00:00'),
	(432, 'Kasper Bryan', 'faucibus.orci@nequenullam.co.uk', '844234', '2021-10-31 00:00:00', '2021-10-31 00:00:00'),
	(433, 'Mariam Ingram', 'luctus@ipsumnunc.com', '20146', '2021-10-31 00:00:00', '2021-10-31 00:00:00'),
	(434, 'Germaine Bradley', 'posuere.at@ut.co.uk', '55931', '2021-10-31 00:00:00', '2021-10-31 00:00:00'),
	(435, 'Hashim Andrews', 'donec.nibh@senectuset.co.uk', '297187', '2021-10-31 00:00:00', '2021-10-31 00:00:00'),
	(436, 'Gwendolyn Holloway', 'fermentum.vel@temporloremeget.co.uk', '27249', '2021-10-31 00:00:00', '2021-10-31 00:00:00'),
	(437, 'Silas Norris', 'cum.sociis@nislmaecenasmalesuada.net', '832953', '2021-10-31 00:00:00', '2021-10-31 00:00:00'),
	(438, 'Ann Pacheco', 'eu.ultrices.sit@suspendissealiquet.ca', '69-831', '2021-10-31 00:00:00', '2021-10-31 00:00:00'),
	(439, 'Olga Landry', 'ut@nuncrisus.edu', '748448', '2021-10-31 00:00:00', '2021-10-31 00:00:00'),
	(440, 'Tobias Jennings', 'a@luctusaliquetodio.ca', '41012', '2021-10-31 00:00:00', '2021-10-31 00:00:00'),
	(441, 'Emma Dillard', 'lorem.lorem.luctus@duismi.edu', '2372 IP', '2021-10-31 00:00:00', '2021-10-31 00:00:00'),
	(442, 'Hashim Ramirez', 'blandit@velitquisquevarius.ca', '6321', '2021-10-31 00:00:00', '2021-10-31 00:00:00'),
	(443, 'Flynn Love', 'nec@malesuada.edu', '81654', '2021-10-31 00:00:00', '2021-10-31 00:00:00'),
	(444, 'Illana Warner', 'lobortis.quis@nam.org', '3202', '2021-10-31 00:00:00', '2021-10-31 00:00:00'),
	(445, 'Eric Holland', 'sed.molestie@dictummi.org', '88276-737', '2021-10-31 00:00:00', '2021-10-31 00:00:00'),
	(446, 'Xenos Fisher', 'integer.in@orciadipiscingnon.com', '57387', '2021-10-31 00:00:00', '2021-10-31 00:00:00'),
	(447, 'Sharon Lawson', 'felis.ullamcorper.viverra@feugiatnec.org', '1899', '2021-10-31 00:00:00', '2021-10-31 00:00:00'),
	(448, 'Lisandra Molina', 'mi.lacinia@risusmorbi.com', '13711', '2021-10-31 00:00:00', '2021-10-31 00:00:00'),
	(449, 'Ignatius Farley', 'magna.nam@utsemper.org', '514197', '2021-10-31 00:00:00', '2021-10-31 00:00:00'),
	(450, 'Jenette Bass', 'aliquet.molestie@fusce.net', '30518', '2021-10-31 00:00:00', '2021-10-31 00:00:00'),
	(451, 'Phelan Horton', 'at@urnanunc.edu', '00-512', '2021-10-31 00:00:00', '2021-10-31 00:00:00'),
	(452, 'Tana Deleon', 'a.felis@sedet.com', '21700', '2021-10-31 00:00:00', '2021-10-31 00:00:00'),
	(453, 'Baker Spence', 'ut@mollisdui.ca', '7218', '2021-10-31 00:00:00', '2021-10-31 00:00:00'),
	(454, 'Courtney Sweet', 'interdum@inhendrerit.net', 'H2E 6Y2', '2021-10-31 00:00:00', '2021-10-31 00:00:00'),
	(455, 'Moses Gallegos', 'nec@natoque.ca', '42370-01844', '2021-10-31 00:00:00', '2021-10-31 00:00:00'),
	(456, 'Wilma Cooper', 'mi.aliquam@liberoproin.edu', '50701', '2021-10-31 00:00:00', '2021-10-31 00:00:00'),
	(457, 'Colt Mcfadden', 'consectetuer.cursus@integerurna.co.uk', '45883', '2021-10-31 00:00:00', '2021-10-31 00:00:00'),
	(458, 'Unity Powers', 'lacinia@tincidunt.com', '27853', '2021-10-31 00:00:00', '2021-10-31 00:00:00'),
	(459, 'Deacon Cline', 'pharetra.nam.ac@enimdiam.com', '249717', '2021-10-31 00:00:00', '2021-10-31 00:00:00'),
	(460, 'Ciara Vincent', 'malesuada@eteros.edu', '06825', '2021-10-31 00:00:00', '2021-10-31 00:00:00'),
	(461, 'Ariana Trujillo', 'suspendisse.eleifend@ipsumprimis.com', '20413', '2021-10-31 00:00:00', '2021-10-31 00:00:00'),
	(462, 'Colt Carrillo', 'in.scelerisque@cursus.edu', '85401-42973', '2021-10-31 00:00:00', '2021-10-31 00:00:00'),
	(463, 'Denton Wyatt', 'tristique.ac@euismod.com', '28897', '2021-10-31 00:00:00', '2021-10-31 00:00:00'),
	(464, 'Oprah Bender', 'ullamcorper.velit@mollisphaselluslibero.net', '41635', '2021-10-31 00:00:00', '2021-10-31 00:00:00'),
	(465, 'Remedios Harrell', 'lectus@justo.ca', '65147', '2021-10-31 00:00:00', '2021-10-31 00:00:00'),
	(466, 'Mira Shelton', 'suspendisse.aliquet.molestie@sempernam.net', '7779', '2021-10-31 00:00:00', '2021-10-31 00:00:00'),
	(467, 'Heidi Finch', 'vitae.dolor@ac.net', '81752', '2021-10-31 00:00:00', '2021-10-31 00:00:00'),
	(468, 'Veronica Parrish', 'ipsum.phasellus@vulputate.org', 'BL5S 6QP', '2021-10-31 00:00:00', '2021-10-31 00:00:00'),
	(469, 'Alika England', 'molestie.tortor@et.org', '6272', '2021-10-31 00:00:00', '2021-10-31 00:00:00'),
	(470, 'Tobias Huber', 'parturient@nonlorem.org', '626356', '2021-10-31 00:00:00', '2021-10-31 00:00:00'),
	(471, 'Susan Perry', 'augue.eu.tempor@anteipsum.org', '67725', '2021-10-31 00:00:00', '2021-10-31 00:00:00'),
	(472, 'Silas Nielsen', 'tincidunt.pede@venenatisvel.net', '13628', '2021-10-31 00:00:00', '2021-10-31 00:00:00'),
	(473, 'Hanae Humphrey', 'augue.eu.tellus@condimentum.org', '70623', '2021-10-31 00:00:00', '2021-10-31 00:00:00'),
	(474, 'Jared Reeves', 'quam.elementum@sollicitudincommodo.edu', '13773', '2021-10-31 00:00:00', '2021-10-31 00:00:00'),
	(475, 'Sylvester Figueroa', 'non.lacinia@donecluctusaliquet.ca', '4254 TQ', '2021-10-31 00:00:00', '2021-10-31 00:00:00'),
	(476, 'Berk Navarro', 'mi.lacinia@ametrisus.edu', '44065', '2021-10-31 00:00:00', '2021-10-31 00:00:00'),
	(477, 'Kylie Massey', 'lectus.rutrum@torquentperconubia.edu', '693878', '2021-10-31 00:00:00', '2021-10-31 00:00:00'),
	(478, 'Odysseus Sharpe', 'arcu.eu@lobortis.co.uk', '96427-384', '2021-10-31 00:00:00', '2021-10-31 00:00:00'),
	(479, 'Adam Boyer', 'quis.diam@ligulaaeneangravida.ca', '12412', '2021-10-31 00:00:00', '2021-10-31 00:00:00'),
	(480, 'Josephine Lynn', 'dolor.sit@laoreet.edu', '50414', '2021-10-31 00:00:00', '2021-10-31 00:00:00'),
	(481, 'Harper Levy', 'phasellus.vitae.mauris@velvenenatisvel.com', '22-503', '2021-10-31 00:00:00', '2021-10-31 00:00:00'),
	(482, 'Cole Knowles', 'justo.nec.ante@nuncid.com', 'E8H 1H0', '2021-10-31 00:00:00', '2021-10-31 00:00:00'),
	(483, 'Wayne Roach', 'consequat.dolor@quisqueaclibero.net', '530323', '2021-10-31 00:00:00', '2021-10-31 00:00:00'),
	(484, 'Joseph Barton', 'ante@nequesed.net', '3301', '2021-10-31 00:00:00', '2021-10-31 00:00:00'),
	(485, 'Emily Thompson', 'ut.mi@gravidasagittis.ca', '44641', '2021-10-31 00:00:00', '2021-10-31 00:00:00'),
	(486, 'Alea Atkinson', 'enim.etiam.gravida@placerat.net', '633832', '2021-10-31 00:00:00', '2021-10-31 00:00:00'),
	(487, 'Cynthia Bean', 'donec.elementum@loremluctus.com', '64275', '2021-10-31 00:00:00', '2021-10-31 00:00:00'),
	(488, 'Sarah Kent', 'lorem.donec@sed.net', '53525', '2021-10-31 00:00:00', '2021-10-31 00:00:00'),
	(489, 'Nehru Tucker', 'neque.venenatis@quisqueac.ca', '974279', '2021-10-31 00:00:00', '2021-10-31 00:00:00'),
	(490, 'Anne Mayo', 'lorem.vehicula@aneque.co.uk', '36257', '2021-10-31 00:00:00', '2021-10-31 00:00:00'),
	(491, 'Kennedy Walter', 'orci@blanditmattiscras.com', '18517', '2021-10-31 00:00:00', '2021-10-31 00:00:00'),
	(492, 'Jared Joyner', 'dictum.mi@eulacusquisque.ca', '8166', '2021-10-31 00:00:00', '2021-10-31 00:00:00'),
	(493, 'Zephania Potts', 'fusce@nullasemper.net', '33604', '2021-10-31 00:00:00', '2021-10-31 00:00:00'),
	(494, 'Lev Richardson', 'proin.dolor@magnaa.ca', '370744', '2021-10-31 00:00:00', '2021-10-31 00:00:00'),
	(495, 'Seth Joyce', 'vivamus.rhoncus@sempellentesqueut.com', '23388', '2021-10-31 00:00:00', '2021-10-31 00:00:00'),
	(496, 'Zeph Hendrix', 'pede.cum@iaculisnec.org', '24577', '2021-10-31 00:00:00', '2021-10-31 00:00:00'),
	(497, 'Tobias Rivers', 'lectus.quis@elitpede.ca', '62323-64386', '2021-10-31 00:00:00', '2021-10-31 00:00:00'),
	(498, 'Vera Strickland', 'nonummy.ac@proindolor.ca', '835639', '2021-10-31 00:00:00', '2021-10-31 00:00:00'),
	(499, 'Danielle Warren', 'venenatis.a@cum.org', '10608', '2021-10-31 00:00:00', '2021-10-31 00:00:00'),
	(500, 'Bradley Riddle', 'venenatis.vel@quis.ca', '61626', '2021-10-31 00:00:00', '2021-10-31 00:00:00'),
	(501, 'Lunea Randolph', 'tincidunt.neque@eget.net', '37502', '2021-10-31 00:00:00', '2021-10-31 00:00:00'),
	(502, 'Charles Contreras', 'ipsum.dolor.sit@pedepraesent.com', '2306 KY', '2021-10-31 00:00:00', '2021-10-31 00:00:00'),
	(503, 'Aline Cabrera', 'et.tristique.pellentesque@antevivamus.edu', '48719', '2021-10-31 00:00:00', '2021-10-31 00:00:00'),
	(504, 'Mefistófeles', 'mefistofeles@gmail.com', 'mefis-tofeles', '2021-10-31 17:34:58', '2021-10-31 17:34:59');
/*!40000 ALTER TABLE `users` ENABLE KEYS */;

-- Volcando estructura para tabla pythonflaskcontactos.usuarios
CREATE TABLE IF NOT EXISTS `usuarios` (
  `id` int(11) NOT NULL AUTO_INCREMENT,
  `name` varchar(64) COLLATE utf8mb4_unicode_ci DEFAULT NULL,
  `age` int(11) DEFAULT '0',
  `address` varchar(256) COLLATE utf8mb4_unicode_ci DEFAULT NULL,
  `phone` varchar(20) COLLATE utf8mb4_unicode_ci DEFAULT NULL,
  `email` varchar(120) COLLATE utf8mb4_unicode_ci DEFAULT NULL,
  PRIMARY KEY (`id`)
) ENGINE=InnoDB AUTO_INCREMENT=501 DEFAULT CHARSET=utf8mb4 COLLATE=utf8mb4_unicode_ci;

-- Volcando datos para la tabla pythonflaskcontactos.usuarios: ~500 rows (aproximadamente)
/*!40000 ALTER TABLE `usuarios` DISABLE KEYS */;
INSERT INTO `usuarios` (`id`, `name`, `age`, `address`, `phone`, `email`) VALUES
	(1, 'Glenna Watkins', 1, '806-2099 Sodales Rd.', '(403) 423-6478', 'eu.tellus.eu@sedsapien.ca'),
	(2, 'Bert Robertson', 15, '1469 Ac Av.', '(884) 636-2566', 'metus.aenean@ligulatortor.org'),
	(3, 'Nathan Casey', 16, 'P.O. Box 493, 8851 Non, Av.', '1-830-976-5226', 'at.iaculis@posuerevulputatelacus.net'),
	(4, 'Finn Burks', 19, '586-3849 Elit Rd.', '1-884-523-3735', 'turpis.egestas.fusce@luctuslobortis.edu'),
	(5, 'Alec Miranda', 13, '929-9291 Primis St.', '(902) 448-6303', 'non@dolor.co.uk'),
	(6, 'Amos Harrison', 10, 'Ap #305-9616 Dapibus Street', '1-835-386-3678', 'nunc@phasellus.org'),
	(7, 'Hermione Scott', 17, 'Ap #567-5827 Amet St.', '(408) 490-3628', 'nunc.lectus@quamvelsapien.com'),
	(8, 'Jescie Roach', 19, 'P.O. Box 808, 687 Litora St.', '(474) 778-0436', 'nam.ac@fringilla.edu'),
	(9, 'Rhoda Blackburn', 15, 'Ap #725-9577 Et Rd.', '(990) 661-6148', 'orci.donec.nibh@morbi.org'),
	(10, 'Shaine Johnson', 11, '3208 Amet Road', '1-721-503-8277', 'lacus@liberomorbiaccumsan.co.uk'),
	(11, 'Eagan Lloyd', 21, 'Ap #348-5147 Per Rd.', '1-242-682-7608', 'et@lectussit.co.uk'),
	(12, 'Hammett Mayer', 24, '973-5457 Consectetuer Ave', '1-456-280-1631', 'aliquet@lacusnullatincidunt.net'),
	(13, 'Rebekah Castro', 26, 'Ap #532-3570 Arcu Rd.', '(848) 883-7434', 'scelerisque.scelerisque@lacusquisque.com'),
	(14, 'Christen Frazier', 23, 'Ap #503-5760 Commodo Street', '1-208-324-1382', 'nisl.quisque.fringilla@gravidasitamet.org'),
	(15, 'Ivor Mcgowan', 25, '477-8014 Cursus St.', '1-513-586-8776', 'rutrum@vitaepurusgravida.net'),
	(16, 'Hector Parsons', 2, 'P.O. Box 647, 7392 Nec Av.', '(369) 485-2768', 'magna.sed@atpede.net'),
	(17, 'Jenna Mitchell', 29, 'Ap #515-2826 Eu Rd.', '1-653-340-8347', 'arcu@doloregestas.co.uk'),
	(18, 'Xander Pratt', 26, '566-3654 Eleifend St.', '(205) 435-2562', 'purus.ac@odio.ca'),
	(19, 'Donna Fowler', 24, 'Ap #844-3466 Vel Street', '(462) 373-7731', 'morbi@aliquetlibero.net'),
	(20, 'Rae Blackburn', 21, 'Ap #195-1378 Accumsan Avenue', '1-682-156-7586', 'vulputate.eu.odio@acipsum.co.uk'),
	(21, 'Katell Brady', 1, '814-6439 Nec St.', '1-319-785-5461', 'enim.mi.tempor@vestibulumneque.net'),
	(22, 'Isaiah Jackson', 1, 'Ap #219-6644 Vitae Ave', '(471) 163-5788', 'conubia@scelerisquemollis.ca'),
	(23, 'Thor Sweeney', 1, 'P.O. Box 897, 1637 Massa. Avenue', '(787) 761-4524', 'tellus.non@semper.net'),
	(24, 'Ezekiel Valencia', 1, '554 Eros Road', '(763) 507-0114', 'diam.nunc@ultricesposuerecubilia.com'),
	(25, 'Grady Wynn', 1, '331 Tincidunt Rd.', '(658) 623-4255', 'fringilla.est.mauris@tinciduntcongue.org'),
	(26, 'Kiayada Hendrix', 1, 'Ap #498-6153 Duis Rd.', '(698) 445-0758', 'aliquam@apurusduis.com'),
	(27, 'Hector Hancock', 1, '755-1807 Est Ave', '(834) 661-5192', 'sit.amet.risus@cubilia.ca'),
	(28, 'Denise Shaffer', 1, '238-7455 Amet Av.', '1-886-323-2548', 'non.magna.nam@sodalespurus.co.uk'),
	(29, 'Iris Sweet', 1, '586-9689 Elit. Av.', '(340) 932-0187', 'amet.risus.donec@fermentumconvallis.co.uk'),
	(30, 'Fulton Fox', 1, 'Ap #853-2878 Accumsan St.', '1-337-857-9660', 'non.luctus@dignissimtemporarcu.ca'),
	(31, 'Xanthus Hinton', 1, 'Ap #517-9246 Non Ave', '1-514-957-8641', 'enim.nisl.elementum@ridiculusmus.com'),
	(32, 'Kim Hamilton', 1, '629-5138 Odio Avenue', '1-880-816-2216', 'magna.ut.tincidunt@incondimentum.org'),
	(33, 'Ahmed Cole', 1, 'Ap #703-5309 Ante Rd.', '(823) 291-3608', 'eget@elitfermentumrisus.com'),
	(34, 'Madaline Woodward', 1, 'Ap #569-5624 Nunc Avenue', '1-773-764-7764', 'sed@dignissimpharetranam.ca'),
	(35, 'Darryl Bryant', 1, 'Ap #205-6905 Et Avenue', '1-523-903-1237', 'sed.pede@tinciduntduiaugue.net'),
	(36, 'Anika Lawrence', 1, 'Ap #360-2678 Libero Rd.', '1-163-433-6113', 'enim.nec@esttemporbibendum.com'),
	(37, 'Lucian Saunders', 1, 'P.O. Box 292, 8968 Purus Av.', '1-162-466-1635', 'non.dui@liberolacusvarius.ca'),
	(38, 'Kirby Mccormick', 1, '360-5372 Arcu. Av.', '(211) 492-2374', 'erat@proinnonmassa.com'),
	(39, 'Walker Wolf', 1, 'Ap #956-1053 Mauris Rd.', '(365) 335-7848', 'non.quam@nibhdonec.com'),
	(40, 'Lael Le', 1, 'Ap #994-9691 Odio, Rd.', '(367) 489-2437', 'leo.cras@nuncpulvinar.com'),
	(41, 'Dylan Mcgowan', 1, 'Ap #935-3060 Pellentesque Av.', '(707) 224-8135', 'feugiat.placerat@duiquis.edu'),
	(42, 'Hermione Jackson', 1, '4196 Ac Street', '(416) 422-7364', 'semper.egestas.urna@etiam.co.uk'),
	(43, 'Teegan Mccarthy', 1, '127-4635 A Avenue', '1-743-585-3556', 'vivamus.molestie@donec.co.uk'),
	(44, 'Reese Anthony', 1, '898-9790 Aliquam Av.', '1-656-580-7027', 'ridiculus.mus@adipiscingenimmi.ca'),
	(45, 'Clinton Guthrie', 1, 'Ap #267-5865 A, Rd.', '(670) 425-5458', 'orci.lobortis@vitaeorci.net'),
	(46, 'Nichole Patel', 1, '773-6611 Tortor. Rd.', '1-345-666-8566', 'quam.pellentesque@placerat.edu'),
	(47, 'Brenna Raymond', 1, '984-9428 Vitae Avenue', '1-133-114-3684', 'nonummy.ut@aliquetlobortisnisi.net'),
	(48, 'Phillip Frazier', 1, '414-6418 Libero Rd.', '(261) 663-2486', 'auctor.mauris.vel@consectetuercursuset.edu'),
	(49, 'Bruce Oneil', 1, '675-9741 Nibh Avenue', '(368) 130-1579', 'sit.amet@primisin.com'),
	(50, 'Chastity Cochran', 1, 'Ap #823-3347 Nulla Street', '1-312-814-7126', 'ridiculus@penatibusetmagnis.ca'),
	(51, 'Lance Dawson', 1, '301-3425 Tincidunt Avenue', '1-117-527-6585', 'morbi@lacus.edu'),
	(52, 'Isadora Brock', 1, '619 Eu Street', '1-475-157-7711', 'orci@etultrices.co.uk'),
	(53, 'Xantha Dalton', 1, 'Ap #218-9282 Nonummy Road', '1-425-972-3484', 'nec@sedpede.ca'),
	(54, 'Briar Brennan', 1, 'Ap #156-9088 Curabitur Rd.', '(356) 652-9406', 'nunc.ac@liberoproinsed.co.uk'),
	(55, 'Mohammad Gomez', 1, 'Ap #795-5644 Sem St.', '1-698-295-8913', 'mollis@asollicitudin.ca'),
	(56, 'Craig Wilder', 1, 'Ap #928-9990 Vitae Rd.', '1-312-472-6948', 'enim.gravida@enimsednulla.org'),
	(57, 'Keith Hudson', 1, 'Ap #269-1164 Justo Avenue', '(472) 358-4425', 'magna.sed.dui@tincidunt.org'),
	(58, 'Russell French', 1, '5905 In, Road', '(500) 370-3471', 'eros.nam.consequat@morbitristique.net'),
	(59, 'Eagan Tucker', 1, '6701 Sodales Ave', '1-328-738-3994', 'vulputate.nisi@etiam.ca'),
	(60, 'Lilah Romero', 1, '910-6335 Etiam Ave', '1-771-658-3333', 'magna@dictum.com'),
	(61, 'Craig Franks', 1, 'Ap #401-812 Quisque Ave', '1-484-651-7379', 'dolor@metusurna.net'),
	(62, 'Cade Phelps', 1, 'Ap #616-8137 Interdum St.', '1-386-263-7073', 'sagittis.nullam@sedeu.edu'),
	(63, 'Dennis Watson', 1, 'Ap #924-4376 Ac Av.', '1-785-881-8463', 'posuere.vulputate.lacus@accumsannequeet.ca'),
	(64, 'Rina Tucker', 1, 'Ap #121-2609 Euismod Avenue', '1-504-583-3283', 'elit.dictum.eu@estac.co.uk'),
	(65, 'Vernon Carney', 1, '639-1039 A Road', '1-556-631-4226', 'a.ultricies.adipiscing@duinec.net'),
	(66, 'Haviva Maldonado', 1, 'P.O. Box 284, 2582 Accumsan St.', '1-238-548-7942', 'porttitor.interdum@volutpat.net'),
	(67, 'Erasmus Cole', 1, '568-9270 Et, Road', '(368) 879-3558', 'tellus.suspendisse.sed@tinciduntdonecvitae.com'),
	(68, 'Philip Robbins', 1, 'P.O. Box 919, 4176 Eget, Avenue', '1-380-434-6295', 'eget.massa@libero.org'),
	(69, 'Ingrid Schwartz', 1, '710-5454 Sed Street', '(774) 846-6761', 'ipsum.phasellus.vitae@lectus.com'),
	(70, 'Marvin Irwin', 1, 'Ap #372-9078 Pede Rd.', '1-848-136-1927', 'vestibulum.lorem.sit@ligula.edu'),
	(71, 'Latifah Greene', 1, 'P.O. Box 794, 8563 In Road', '1-441-947-7946', 'at.fringilla@purusmaecenas.net'),
	(72, 'Sara Harding', 1, 'Ap #885-1821 Iaculis Road', '1-511-785-2930', 'mi.lacinia.mattis@pedesuspendisse.co.uk'),
	(73, 'Branden Conrad', 1, '2549 Duis Ave', '(356) 685-8627', 'cum@risus.net'),
	(74, 'Sheila Hartman', 1, 'Ap #114-1305 Ultricies Av.', '1-919-415-9612', 'enim.nec.tempus@mollislectuspede.co.uk'),
	(75, 'Nolan Garza', 1, '719-3542 Convallis Rd.', '(410) 738-8491', 'dolor.dapibus.gravida@ametmetusaliquam.org'),
	(76, 'Caleb Adkins', 1, 'Ap #863-6257 Magna. Rd.', '1-338-448-3953', 'aliquam.nisl@donec.net'),
	(77, 'Miriam Olsen', 1, '933-2214 Cursus Ave', '(786) 357-6186', 'malesuada@purusactellus.com'),
	(78, 'Hadley Harrington', 1, '635-4054 Nunc. Street', '(453) 339-5129', 'tellus.eu.augue@accumsan.co.uk'),
	(79, 'Cheyenne Parker', 1, '193-6930 Nulla Rd.', '1-369-706-3867', 'ac@nec.co.uk'),
	(80, 'Ocean Parker', 1, '845-3065 Ullamcorper, Rd.', '(551) 463-2448', 'risus.donec.egestas@tellusjustosit.org'),
	(81, 'Kay Webb', 1, 'Ap #337-3280 Blandit Ave', '1-586-677-4426', 'dignissim@estacfacilisis.ca'),
	(82, 'Portia Galloway', 1, '812-9047 Faucibus St.', '(695) 127-3801', 'id.magna@urna.co.uk'),
	(83, 'Kalia Peters', 1, 'P.O. Box 399, 6011 Pede. Avenue', '(710) 594-4137', 'donec.luctus.aliquet@sapienaenean.edu'),
	(84, 'Orlando Ramirez', 1, '291-413 Auctor St.', '(317) 745-6733', 'dignissim.lacus.aliquam@antedictum.edu'),
	(85, 'Finn Dillon', 1, 'Ap #975-2463 Ipsum Street', '(161) 689-9378', 'magna.nam@vivamusnisi.edu'),
	(86, 'Fletcher Salinas', 1, 'Ap #771-8910 Cras Street', '1-894-658-5770', 'enim@tellussuspendissesed.com'),
	(87, 'Driscoll Espinoza', 1, '524-4431 Orci. St.', '(927) 258-2461', 'dolor@magnasuspendissetristique.co.uk'),
	(88, 'Yuli Caldwell', 1, 'Ap #502-7524 Consectetuer, Road', '(850) 485-0283', 'ipsum.curabitur@blanditenim.edu'),
	(89, 'Veda Knight', 1, '199-7315 Donec St.', '(838) 535-4700', 'nibh.dolor.nonummy@hendrerita.edu'),
	(90, 'Leila Hobbs', 1, 'Ap #957-995 Quam St.', '1-351-277-5871', 'justo.eu.arcu@ettristique.co.uk'),
	(91, 'Angela Alston', 1, 'P.O. Box 728, 2742 Consectetuer Street', '1-818-525-2126', 'dolor.sit@sitamet.com'),
	(92, 'Allegra Moon', 1, '954-8342 Lobortis Street', '(750) 871-3140', 'pharetra@erat.com'),
	(93, 'Noel Harding', 1, '523-5202 Scelerisque Rd.', '(286) 327-1542', 'scelerisque@donecdignissim.com'),
	(94, 'Amal Parsons', 1, 'P.O. Box 601, 1985 Ridiculus Road', '1-601-688-6352', 'phasellus.vitae@cras.org'),
	(95, 'Belle Roth', 1, 'Ap #196-930 Torquent Road', '1-607-152-5373', 'dictum.cursus@faucibusorci.ca'),
	(96, 'Vernon Sloan', 1, '9198 Donec St.', '1-817-501-7590', 'mollis.non@nec.edu'),
	(97, 'Madonna Russell', 1, 'Ap #600-9118 Facilisis Rd.', '(511) 671-1226', 'amet.consectetuer@quis.co.uk'),
	(98, 'Nathaniel Rocha', 1, 'Ap #755-6170 Ultrices, Rd.', '(752) 994-2123', 'integer.urna@elitaliquam.org'),
	(99, 'Linus Larson', 1, '769-6817 Malesuada Ave', '(549) 254-4517', 'velit@pede.org'),
	(100, 'Drake Burns', 1, 'Ap #663-5660 Libero. Ave', '(937) 542-7254', 'etiam.vestibulum@idlibero.co.uk'),
	(101, 'Nigel Garrett', 1, '783-9175 Facilisis. Road', '(616) 263-8353', 'ridiculus.mus.proin@rhoncusid.com'),
	(102, 'Allen Hooper', 1, '6865 Non, Rd.', '(328) 372-4229', 'dolor.egestas.rhoncus@sitamet.com'),
	(103, 'Salvador Kirk', 1, '532-9968 Mauris St.', '1-482-829-7172', 'ut.cursus@dignissim.edu'),
	(104, 'Ray Hayes', 1, '5023 Consectetuer Street', '(711) 346-0702', 'montes@curabiturconsequat.org'),
	(105, 'Karen Hayes', 1, 'Ap #787-5782 Magna Road', '1-349-466-3044', 'ultricies.adipiscing@euismodenim.com'),
	(106, 'Drake Sanders', 1, 'P.O. Box 547, 8625 Fermentum Road', '(537) 204-1865', 'risus.quis@atliberomorbi.org'),
	(107, 'Sophia Cooke', 1, 'P.O. Box 563, 7295 Enim Rd.', '1-326-807-7766', 'mattis.velit.justo@ipsum.net'),
	(108, 'Beatrice Miller', 1, 'Ap #273-1186 Non, Avenue', '(271) 548-6281', 'egestas.ligula.nullam@aultricies.org'),
	(109, 'Cailin Morrow', 1, 'P.O. Box 288, 9600 Eu Street', '1-480-724-9413', 'maecenas@quisquenonummy.ca'),
	(110, 'Leroy Glass', 1, '973-6636 Ac St.', '(566) 854-4913', 'consectetuer.ipsum.nunc@semperet.ca'),
	(111, 'Cruz Horn', 1, 'P.O. Box 846, 5961 Fringilla. St.', '1-284-865-8833', 'ac.turpis@tincidunt.co.uk'),
	(112, 'Sandra Kidd', 1, 'P.O. Box 770, 2739 Metus Street', '1-651-392-0577', 'a@curabitursed.edu'),
	(113, 'Avye Bean', 1, '693-3016 Donec Avenue', '1-528-444-3134', 'malesuada.fames@placeratorci.edu'),
	(114, 'Shana Wheeler', 1, 'Ap #790-4638 Nostra, Rd.', '1-629-248-7577', 'egestas.ligula@vulputaterisusa.com'),
	(115, 'Giacomo Thomas', 1, 'P.O. Box 790, 6252 Dolor Av.', '(447) 824-1452', 'gravida@atpedecras.ca'),
	(116, 'Mohammad Marquez', 1, '862-738 Justo Av.', '1-254-676-2642', 'pede.praesent@integereulacus.ca'),
	(117, 'Jennifer Young', 1, 'Ap #712-2617 Cras Avenue', '1-267-529-3346', 'vitae@atsemmolestie.ca'),
	(118, 'Wilma Pittman', 1, '8830 Elit. Rd.', '(512) 852-6298', 'ac.nulla.in@eros.edu'),
	(119, 'Jason Hines', 1, 'Ap #220-8916 Est Rd.', '(555) 667-6318', 'dolor.quisque.tincidunt@porttitortellus.co.uk'),
	(120, 'Colton Byrd', 1, 'Ap #591-3807 Rhoncus. Ave', '(448) 845-8928', 'convallis@pellentesquea.com'),
	(121, 'Maxine Beach', 1, '549-5929 Litora Rd.', '(662) 230-9393', 'ultrices.sit@antemaecenas.co.uk'),
	(122, 'Aiko Langley', 1, 'Ap #456-5324 Turpis Rd.', '(695) 592-5876', 'viverra.maecenas.iaculis@dictumcursus.co.uk'),
	(123, 'Chloe Chang', 1, '418-6173 Nam Street', '(963) 247-4222', 'enim.non@enimconsequat.com'),
	(124, 'Amery Benson', 1, '624-4638 Scelerisque Rd.', '1-521-814-6534', 'arcu.sed.eu@inconsequatenim.ca'),
	(125, 'Neve Conley', 1, '665-7932 Tellus Rd.', '(422) 777-6611', 'eu@maurismolestie.org'),
	(126, 'Roth Anthony', 1, '292-3337 Pellentesque Avenue', '1-205-755-1653', 'quisque.nonummy@liberointeger.com'),
	(127, 'Quintessa Watson', 1, '847-7427 Tellus Road', '(318) 933-3732', 'non.magna@in.net'),
	(128, 'Walker Larsen', 1, '129-6605 A, Ave', '(212) 383-3274', 'vel@liberoat.edu'),
	(129, 'Mona Gregory', 1, 'Ap #368-9331 Elit Rd.', '1-986-845-7482', 'consectetuer.mauris.id@egetmassa.net'),
	(130, 'Brenden Frye', 1, 'Ap #878-4296 Ultrices St.', '(556) 681-4567', 'sed.sapien@aliquamtincidunt.edu'),
	(131, 'Ezekiel Miles', 1, '817-3950 Pede. Ave', '(425) 962-3017', 'integer@atsemmolestie.co.uk'),
	(132, 'Devin Nolan', 1, '223-2342 Ut St.', '1-870-246-5188', 'lectus.nullam.suscipit@molestie.org'),
	(133, 'Patricia Mcbride', 1, '747-2326 Urna. Street', '(434) 315-8723', 'molestie.in@quisarcu.org'),
	(134, 'Levi Hines', 1, '641-2766 Nibh. Ave', '1-248-661-5420', 'nec.tempus@quisque.edu'),
	(135, 'Rhiannon Emerson', 1, '255-6082 Nulla. Ave', '(183) 686-3255', 'velit.pellentesque.ultricies@enimetiam.ca'),
	(136, 'Lunea Mcknight', 1, '605 Penatibus Street', '1-184-329-8451', 'rhoncus.donec@pretium.org'),
	(137, 'Kimberly Chapman', 1, 'Ap #494-5674 Consequat Street', '1-328-367-2317', 'sed.auctor@penatibuset.org'),
	(138, 'Ima Villarreal', 1, 'P.O. Box 636, 2078 Id St.', '(288) 447-3326', 'suscipit.nonummy.fusce@dolorquisquetincidunt.org'),
	(139, 'Barclay Daugherty', 1, 'Ap #742-9443 Hendrerit Avenue', '1-704-262-3702', 'pede.ultrices.a@erateget.com'),
	(140, 'Oliver Benjamin', 1, '3428 Amet Avenue', '(168) 194-3523', 'ac.urna.ut@semperauctor.com'),
	(141, 'Holly Gomez', 1, '703-4406 Malesuada Road', '(362) 861-8345', 'a@etmalesuadafames.net'),
	(142, 'Merrill Freeman', 1, 'P.O. Box 535, 8881 Odio. St.', '1-325-723-9730', 'aliquam.nec.enim@suspendissealiquet.edu'),
	(143, 'Gary Cash', 1, '617-2339 Dui, Road', '(332) 356-6018', 'elit@ametnulla.ca'),
	(144, 'Howard Conrad', 1, 'P.O. Box 871, 3582 Justo St.', '1-327-484-9601', 'vivamus.nisi.mauris@variusultrices.com'),
	(145, 'Astra Dunlap', 1, 'Ap #649-7303 Sodales St.', '1-776-615-4576', 'tincidunt.nibh@sednec.com'),
	(146, 'Beverly Barry', 1, 'P.O. Box 641, 3778 Sem, Ave', '(691) 238-3274', 'libero.et@accumsan.net'),
	(147, 'Wylie Wallace', 1, '243 Fringilla. St.', '(486) 277-8279', 'interdum.curabitur@fusce.co.uk'),
	(148, 'Sopoline Marsh', 1, '809-9909 Accumsan St.', '1-631-865-1807', 'non.magna.nam@sollicitudincommodoipsum.net'),
	(149, 'Derek Ramsey', 1, '465-8139 Tincidunt Rd.', '(477) 366-4265', 'risus.donec.egestas@afacilisis.net'),
	(150, 'Maia Hull', 1, '515-3887 Diam. Av.', '1-615-346-2172', 'at@interdumnunc.edu'),
	(151, 'Henry Anderson', 1, 'Ap #486-9007 Dui. Rd.', '(718) 833-2338', 'odio.a@sagittisnullam.org'),
	(152, 'Lester Wong', 1, '8076 Eu, Rd.', '(203) 772-1438', 'duis.dignissim@donectemporest.com'),
	(153, 'Colin Paul', 1, '235-7182 Tristique Ave', '(278) 281-0949', 'integer.aliquam@sollicitudincommodo.org'),
	(154, 'Chase Tate', 1, '876-8542 Nulla. Avenue', '(166) 520-0625', 'duis.mi@eu.ca'),
	(155, 'Ava Rasmussen', 1, '273-1161 Metus. Street', '(864) 396-4795', 'etiam.gravida.molestie@aliquetphasellus.org'),
	(156, 'Jin Walsh', 1, 'Ap #394-8383 Orci. Rd.', '(676) 256-8849', 'magna.cras.convallis@scelerisque.org'),
	(157, 'Kristen Mcleod', 1, '1719 Tortor Av.', '(877) 372-5184', 'tristique@ornareplacerat.co.uk'),
	(158, 'Moana Richmond', 1, 'Ap #557-6584 Ut Rd.', '1-514-212-1042', 'justo.proin@nasceturridiculus.edu'),
	(159, 'Tanner Jacobs', 1, 'Ap #581-7422 Non, Rd.', '1-136-455-3584', 'eget.ipsum@urna.edu'),
	(160, 'Yen Horne', 1, 'Ap #170-7060 Ut Rd.', '(819) 733-4586', 'non.vestibulum.nec@egestasaliquam.net'),
	(161, 'Declan Watts', 1, '345-1913 Sem Avenue', '(242) 924-4457', 'cursus.purus.nullam@donec.net'),
	(162, 'Bertha Tran', 1, '288-8209 Nullam St.', '(113) 128-5971', 'molestie.dapibus@euismodac.com'),
	(163, 'Alisa Morrow', 1, '642-3327 Fringilla Avenue', '1-482-162-0763', 'pellentesque.habitant@suspendissesagittis.edu'),
	(164, 'Celeste Hensley', 1, '7435 Aliquam Road', '(331) 465-6656', 'lectus.cum@hendrerit.com'),
	(165, 'Hillary Stein', 1, 'Ap #930-9836 Enim Street', '(486) 748-5851', 'mattis.ornare.lectus@tristiquepharetraquisque.org'),
	(166, 'Molly Huff', 1, 'Ap #597-7435 Netus St.', '(727) 318-8257', 'arcu.ac.orci@famesac.org'),
	(167, 'Tanek Ferguson', 1, '9152 Rhoncus. Ave', '1-698-751-6721', 'fringilla.cursus.purus@nullamut.com'),
	(168, 'Illana Crane', 1, '695-8696 In Ave', '1-751-513-7186', 'lorem.vehicula@quisquetinciduntpede.com'),
	(169, 'Byron Mays', 1, 'Ap #625-6420 Dis Road', '1-740-742-2097', 'nibh.sit@sodalesmaurisblandit.edu'),
	(170, 'Brady Bowen', 1, '846-2909 Dui. Avenue', '(981) 373-7674', 'etiam.gravida@sedlibero.co.uk'),
	(171, 'Ariel O\'brien', 1, '519-8587 Vehicula Av.', '1-347-325-7863', 'augue.id@ullamcorperduisat.org'),
	(172, 'Teagan Petty', 1, 'P.O. Box 547, 6180 Proin Road', '(472) 648-5127', 'etiam.imperdiet@aaliquet.co.uk'),
	(173, 'Nerea Ewing', 1, 'P.O. Box 714, 7718 Tristique St.', '(957) 135-4788', 'sapien@antebibendum.org'),
	(174, 'Autumn Cobb', 1, '2644 Augue Street', '1-855-214-8317', 'bibendum.sed@cumsociis.net'),
	(175, 'Julie Stokes', 1, 'Ap #891-312 Curabitur Street', '(178) 411-5162', 'fermentum.convallis@sitamet.edu'),
	(176, 'Oscar Gill', 1, 'P.O. Box 516, 615 Sem Rd.', '1-542-487-0641', 'at.nisi.cum@acmattis.net'),
	(177, 'Hiroko Wade', 1, '116-7891 Vel, Av.', '(763) 183-4724', 'arcu@elit.co.uk'),
	(178, 'Azalia Wallace', 1, 'Ap #785-8639 Quam. St.', '(577) 341-5556', 'mattis.ornare@etarcu.net'),
	(179, 'Jenna Webster', 1, 'P.O. Box 424, 7982 Cras Road', '1-756-116-7857', 'neque.morbi@sollicitudin.edu'),
	(180, 'Yoko Jensen', 1, '171-8653 Eu Road', '1-518-848-3243', 'nibh.quisque@vulputateposuerevulputate.org'),
	(181, 'Victor Bailey', 1, 'P.O. Box 141, 138 Interdum. Avenue', '(234) 177-4321', 'vel@nisi.net'),
	(182, 'Hilda Potts', 1, '643-5058 Feugiat Road', '(363) 119-0446', 'vivamus.sit.amet@neccursus.net'),
	(183, 'Ira Pitts', 1, 'Ap #316-7250 Donec Ave', '(183) 395-2875', 'velit.egestas.lacinia@ametluctus.ca'),
	(184, 'Deacon Hobbs', 1, '789-5718 Porttitor Rd.', '1-734-572-4323', 'sed.nunc@eleifendegestas.com'),
	(185, 'Yuri Bentley', 1, 'Ap #447-4321 Fringilla Rd.', '1-296-825-0848', 'erat.semper@augueeu.org'),
	(186, 'Brenda Weber', 1, 'Ap #895-5417 Et Rd.', '1-154-811-2166', 'dis.parturient@lacuspede.edu'),
	(187, 'Silas Keller', 1, '468-4614 Congue Avenue', '1-634-541-8415', 'pede.nonummy@mauris.edu'),
	(188, 'Rooney Thornton', 1, '379-4721 Sit Road', '1-617-785-8447', 'congue.in.scelerisque@nullaat.org'),
	(189, 'Tashya Keith', 1, '370-2592 Ullamcorper Rd.', '(235) 572-7876', 'natoque.penatibus@magnaloremipsum.net'),
	(190, 'Brenna Hicks', 1, '404-2653 Parturient Street', '1-145-972-7545', 'enim@vitaeerat.net'),
	(191, 'Jamalia Murray', 1, 'Ap #840-9852 Hymenaeos. Street', '(253) 223-1234', 'in.lorem@tortor.org'),
	(192, 'Amethyst Duke', 1, '978-1676 Ligula St.', '(786) 838-6826', 'maecenas.ornare.egestas@dolordonecfringilla.net'),
	(193, 'Zenaida Meyer', 1, '630-7740 Vivamus Avenue', '(225) 528-3883', 'montes.nascetur.ridiculus@felisdonectempor.ca'),
	(194, 'Abigail Duran', 1, 'Ap #938-122 Metus St.', '1-316-200-2295', 'sit@mollisnec.co.uk'),
	(195, 'Gareth Kelly', 1, 'Ap #623-9043 Laoreet, St.', '(298) 754-4845', 'torquent.per.conubia@fuscemollis.org'),
	(196, 'Maris Cash', 1, 'P.O. Box 449, 4757 Pede Avenue', '1-882-567-8447', 'orci.sem.eget@ipsumsodales.edu'),
	(197, 'Troy Lancaster', 1, '5428 Sit Rd.', '1-562-610-2112', 'consectetuer.euismod@nunc.com'),
	(198, 'Lucy Bray', 1, 'Ap #678-2189 Dolor Av.', '1-725-442-4725', 'velit.dui@duinec.net'),
	(199, 'Kyla Mooney', 1, 'Ap #113-8349 Primis Street', '(731) 756-3144', 'rutrum.magna.cras@egetmetus.edu'),
	(200, 'Jennifer Riggs', 1, '173-8866 Egestas. Avenue', '1-223-404-8572', 'eget.tincidunt@in.edu'),
	(201, 'Abraham Warren', 1, '597-7055 In Ave', '1-626-601-2236', 'libero.mauris@duiaugueeu.co.uk'),
	(202, 'Vivien Tucker', 1, 'P.O. Box 282, 1245 Gravida Rd.', '1-632-875-2382', 'nisl.sem@nullam.net'),
	(203, 'Dexter Ingram', 1, '9415 Eu Avenue', '(532) 273-6321', 'vel.arcu.eu@curabiturconsequat.com'),
	(204, 'Lana Kramer', 1, '2078 Erat Road', '(758) 352-1101', 'quis@cursus.co.uk'),
	(205, 'Kyle Stark', 1, 'P.O. Box 651, 6235 Mauris Avenue', '(813) 218-4160', 'ultricies.sem.magna@molestietortornibh.ca'),
	(206, 'Joelle Guthrie', 1, '9282 Pede. Road', '(267) 944-4558', 'cras@tortorinteger.net'),
	(207, 'Yuli Leach', 1, '965-3314 Neque. Rd.', '1-969-227-3395', 'ligula@sociisnatoquepenatibus.org'),
	(208, 'Keiko Meyer', 1, '778-944 Sed St.', '1-497-529-1141', 'elit.etiam@asollicitudin.org'),
	(209, 'Nyssa Sanchez', 1, '6636 Phasellus Road', '(365) 620-7367', 'lectus.cum.sociis@turpisegestas.net'),
	(210, 'Angelica Carr', 1, 'Ap #479-4873 Placerat. Road', '(616) 447-6416', 'sed.eu@libero.co.uk'),
	(211, 'Magee Moss', 1, '2176 Lectus Street', '1-383-628-3058', 'donec.nibh@orci.co.uk'),
	(212, 'Scott Hester', 1, 'Ap #265-9759 In St.', '(928) 887-8334', 'vel.venenatis@nuncsit.co.uk'),
	(213, 'Cullen Petty', 1, '494-8212 Tempus Rd.', '1-861-465-9211', 'sem.ut@sedet.edu'),
	(214, 'Carla Mccall', 1, 'P.O. Box 619, 6026 Sit Street', '1-377-115-6857', 'nec.metus@arcusedeu.co.uk'),
	(215, 'Odette Joyner', 1, '173-7755 A, St.', '1-126-833-3161', 'ut.sem.nulla@mitemporlorem.co.uk'),
	(216, 'Hamish Faulkner', 1, 'P.O. Box 124, 3523 Sed Street', '(218) 484-7686', 'mauris.erat@nec.ca'),
	(217, 'Zenaida Maynard', 1, 'Ap #434-2313 Montes, Street', '1-469-510-0467', 'orci.adipiscing.non@nonnisi.org'),
	(218, 'Alma Guerrero', 1, 'P.O. Box 487, 5005 Integer St.', '1-657-867-1541', 'malesuada.fames@sapien.net'),
	(219, 'Lesley Duran', 1, 'P.O. Box 227, 6141 Gravida St.', '(613) 241-5774', 'nullam@hendreritconsectetuer.ca'),
	(220, 'Brandon Henson', 1, '167-9567 A St.', '1-845-784-5284', 'magna@pellentesque.com'),
	(221, 'Quinn Britt', 1, 'Ap #455-2482 Arcu. Rd.', '(332) 881-7968', 'augue@cum.edu'),
	(222, 'Cassady Pennington', 1, 'Ap #297-4131 Accumsan Road', '(836) 605-4102', 'elit.pellentesque@indolorfusce.org'),
	(223, 'Vernon Mcconnell', 1, '8722 Diam Road', '(682) 356-8514', 'lorem.ut@semvitae.net'),
	(224, 'Nyssa Delaney', 1, '2959 Phasellus Rd.', '1-746-686-1606', 'dictum.cursus@hendreritdonec.ca'),
	(225, 'Yoshi Osborne', 1, 'P.O. Box 134, 2270 Phasellus Av.', '(881) 547-3470', 'cras.vehicula@etiambibendumfermentum.edu'),
	(226, 'Lyle Ramirez', 1, 'Ap #767-8811 Suspendisse St.', '1-474-171-7122', 'justo@porttitor.co.uk'),
	(227, 'Gavin Quinn', 1, '671-5623 Vitae St.', '(286) 676-7390', 'dictum.eu@gravidapraesenteu.ca'),
	(228, 'Allistair Douglas', 1, '5640 Metus. St.', '(596) 124-6426', 'eu.enim@risusnunc.ca'),
	(229, 'Fitzgerald Fuentes', 1, '626-2271 Aliquam Avenue', '1-211-562-1381', 'dictum@arcused.edu'),
	(230, 'Carol Ruiz', 1, '380-5436 Aliquet. Rd.', '1-995-273-0856', 'suscipit.nonummy@necorci.org'),
	(231, 'Olivia Richard', 1, '582-4218 Pede, Road', '1-784-563-7716', 'morbi@sitamet.net'),
	(232, 'Mallory Bridges', 1, 'Ap #600-885 Curabitur Rd.', '1-621-978-5761', 'nonummy@pharetraut.ca'),
	(233, 'Beau Welch', 1, 'Ap #317-1404 Sodales St.', '(366) 467-3822', 'sagittis.felis@interdumsedauctor.org'),
	(234, 'Karina Coleman', 1, '777-2203 Ultricies Rd.', '1-264-344-6306', 'suspendisse@morbitristique.co.uk'),
	(235, 'Valentine Chan', 1, '225 Arcu. Street', '(963) 300-4811', 'magna@quisturpis.co.uk'),
	(236, 'Fulton Marquez', 1, 'Ap #738-2250 Pretium Avenue', '(879) 457-5782', 'arcu.sed@semmagnanec.net'),
	(237, 'Yasir Duran', 1, '9931 Vitae, St.', '1-728-334-4584', 'ipsum.leo@loremeumetus.org'),
	(238, 'Alexis Day', 1, '3287 Metus Street', '1-261-426-5993', 'malesuada.augue@sedmalesuadaaugue.ca'),
	(239, 'Vladimir Bauer', 1, 'P.O. Box 845, 3806 Urna. St.', '(256) 216-4970', 'nascetur.ridiculus.mus@egestasligula.ca'),
	(240, 'Oleg Nielsen', 1, 'Ap #765-606 Fusce Avenue', '(373) 220-1545', 'nec.mauris@donec.net'),
	(241, 'Nayda Walter', 1, '9142 Pharetra. Rd.', '1-837-802-7728', 'turpis.nulla.aliquet@ultrices.co.uk'),
	(242, 'Leila Henson', 1, '633-8075 Lacus Ave', '(350) 587-6358', 'lorem.donec@faucibusidlibero.net'),
	(243, 'Coby Calhoun', 1, 'Ap #550-9606 Vitae St.', '1-278-788-7365', 'lobortis@egestasa.ca'),
	(244, 'Delilah Fernandez', 1, '8015 Ligula. Rd.', '1-142-518-8421', 'fusce.mi@est.org'),
	(245, 'Dana Bradford', 1, 'Ap #415-496 Odio. Ave', '(149) 756-8379', 'et.ipsum.cursus@enimdiam.co.uk'),
	(246, 'Fletcher Castillo', 1, 'Ap #261-7609 Odio. Av.', '(275) 613-6270', 'a@inconsectetueripsum.org'),
	(247, 'Kevyn Carlson', 1, 'Ap #687-8987 Praesent Avenue', '1-705-435-6846', 'lacinia.orci.consectetuer@nullaegetmetus.org'),
	(248, 'Carter Dotson', 1, '564-8348 Mauris Av.', '1-382-431-2646', 'mollis.duis@egetmassa.com'),
	(249, 'Myra Valenzuela', 1, '1414 Non St.', '1-332-743-7259', 'ac.libero@non.com'),
	(250, 'Samson Hancock', 1, '919-9135 Duis Rd.', '(576) 766-7438', 'et@acsem.edu'),
	(251, 'Megan Clayton', 1, 'Ap #331-5317 Semper. Avenue', '1-738-680-2177', 'eu.metus.in@craseutellus.edu'),
	(252, 'Indira Owen', 1, 'Ap #132-5671 In Rd.', '1-387-988-0338', 'luctus.et.ultrices@integer.com'),
	(253, 'Molly Vaughan', 1, 'Ap #962-2743 Vestibulum Rd.', '1-562-682-7137', 'dictum.sapien@gravidapraesenteu.co.uk'),
	(254, 'Demetria Abbott', 1, '6417 Dis St.', '1-906-598-0625', 'posuere.enim@luctuslobortis.net'),
	(255, 'Ria O\'neill', 1, '2053 Phasellus St.', '1-582-905-6448', 'dui.nec.tempus@loremipsumdolor.co.uk'),
	(256, 'Alec Mason', 1, 'P.O. Box 795, 4720 Dictum St.', '1-762-259-5507', 'sapien.aenean@in.net'),
	(257, 'Lamar Cross', 1, 'P.O. Box 724, 5558 Malesuada Rd.', '(376) 635-3373', 'sit@semutcursus.com'),
	(258, 'Dahlia Stuart', 1, '843-6255 Scelerisque Street', '(186) 452-4081', 'sagittis.semper@netus.ca'),
	(259, 'Wayne Ferrell', 1, '438-2088 Mauris. Street', '1-925-446-8227', 'proin.non@pharetra.edu'),
	(260, 'Harper Gill', 1, 'Ap #491-6812 Ipsum Ave', '1-767-435-2744', 'scelerisque.mollis.phasellus@sitamet.com'),
	(261, 'Jada Tyler', 1, 'P.O. Box 905, 2491 Amet St.', '(540) 768-8358', 'eu.lacus@ipsumprimis.co.uk'),
	(262, 'Brandon Briggs', 1, 'Ap #538-2303 Sed Rd.', '1-411-872-7616', 'dui.nec.urna@molestiesodalesmauris.org'),
	(263, 'Camilla Franks', 1, 'P.O. Box 430, 9460 Phasellus Rd.', '1-629-125-3088', 'sed.pharetra.felis@dolor.org'),
	(264, 'Elijah Sexton', 1, '568-7195 Augue, Avenue', '1-268-730-2239', 'commodo@magnis.net'),
	(265, 'Gareth Maynard', 1, 'Ap #296-4607 Eget Avenue', '1-138-578-4352', 'nibh.donec@vestibulumanteipsum.net'),
	(266, 'Alexander Pope', 1, 'P.O. Box 897, 7540 Luctus Ave', '(254) 762-4392', 'vel.turpis@loremdonec.ca'),
	(267, 'Kay Chen', 1, '811-7077 Lacus. Road', '(883) 325-9550', 'id.risus@maecenasiaculisaliquet.co.uk'),
	(268, 'Althea Mooney', 1, 'Ap #516-5741 A Avenue', '(535) 780-5766', 'donec.tincidunt@euerat.org'),
	(269, 'Lars Hays', 1, '452-1839 In, Avenue', '1-405-424-3718', 'cras.dictum.ultricies@pharetra.co.uk'),
	(270, 'Perry Parks', 1, '251-9778 Porttitor Rd.', '(344) 874-4485', 'eu.tempor@conguea.co.uk'),
	(271, 'Linda Carlson', 1, '282-3523 Nulla. Av.', '1-567-671-3182', 'eu.placerat.eget@sedeu.net'),
	(272, 'Salvador Santos', 1, 'Ap #112-4260 Sagittis St.', '(497) 461-3421', 'dapibus.gravida@aeneanegestas.org'),
	(273, 'Hayfa Vasquez', 1, 'Ap #691-8145 Sed St.', '1-991-482-4071', 'quis.diam@euplacerat.net'),
	(274, 'Ivana Nolan', 1, '9485 Odio St.', '(173) 741-8774', 'magna.praesent@liberoduinec.ca'),
	(275, 'Zane Lott', 1, 'Ap #277-3468 Lobortis St.', '(308) 789-8910', 'cursus.a.enim@orcilobortis.co.uk'),
	(276, 'Yasir Walter', 1, 'P.O. Box 945, 7408 Sodales Avenue', '(868) 811-2334', 'egestas.aliquam@sodalesatvelit.co.uk'),
	(277, 'Molly Leach', 1, '918-6302 Risus. Rd.', '(283) 837-8743', 'id.sapien@consequatauctor.org'),
	(278, 'Berk Mcgee', 1, '953-9773 Enim. Rd.', '1-560-277-3442', 'aenean.eget.metus@quispedesuspendisse.edu'),
	(279, 'Zephania Buchanan', 1, 'P.O. Box 708, 3628 Mauris, Av.', '(566) 462-8211', 'molestie.orci.tincidunt@pellentesque.com'),
	(280, 'Phyllis Maynard', 1, '661-6825 Dictum Road', '1-821-633-0383', 'nunc@luctuscurabitur.org'),
	(281, 'Ivan Mcbride', 1, '344-8929 Malesuada Rd.', '1-267-466-8565', 'massa@arcununc.ca'),
	(282, 'Briar Robertson', 1, '5518 Eu Avenue', '1-332-657-6349', 'non.cursus@phasellusdolor.edu'),
	(283, 'Knox Adams', 1, 'P.O. Box 185, 6194 Integer Street', '1-454-817-5963', 'eget.ipsum.donec@aliquet.org'),
	(284, 'Reuben Munoz', 1, '189-7631 Tortor. Ave', '(349) 508-8528', 'duis@necorcidonec.net'),
	(285, 'Jaquelyn Kinney', 1, '153-800 Orci. Rd.', '(881) 412-8638', 'phasellus.in.felis@odioauctorvitae.org'),
	(286, 'Rhona Simpson', 1, '285-4977 Tincidunt St.', '1-831-171-3654', 'augue@turpis.net'),
	(287, 'Clayton Alford', 1, '818-4807 Adipiscing St.', '(834) 848-8685', 'ornare.egestas.ligula@atlibero.org'),
	(288, 'Kasper Tanner', 1, 'P.O. Box 887, 4532 Justo St.', '(332) 636-8177', 'est@estarcu.net'),
	(289, 'William Collier', 1, 'Ap #680-6560 Metus. Ave', '(931) 381-4913', 'amet.orci@donec.ca'),
	(290, 'Bruce Greer', 1, '861-9280 Et Av.', '(101) 628-4655', 'vestibulum.nec@convallisdolorquisque.com'),
	(291, 'Martina Salinas', 1, '679-8202 Sit Ave', '1-273-452-1478', 'suspendisse.aliquet.molestie@innec.net'),
	(292, 'Deirdre Maldonado', 1, 'Ap #326-9813 Rhoncus Street', '1-468-344-1854', 'amet@dignissim.net'),
	(293, 'Eaton Knapp', 1, '573-6894 Facilisis Ave', '(800) 631-6370', 'justo.eu@nonummyfusce.co.uk'),
	(294, 'Grace Henry', 1, '507-366 Aliquam, Street', '(409) 813-9844', 'sodales.purus@commodohendrerit.edu'),
	(295, 'Bianca Small', 1, 'Ap #742-283 Bibendum St.', '1-323-487-4252', 'tellus.phasellus@quam.co.uk'),
	(296, 'Blake Beasley', 1, 'Ap #371-3001 Vestibulum Rd.', '(688) 178-2336', 'molestie.tortor@vestibulummassa.ca'),
	(297, 'Liberty Gomez', 1, 'Ap #447-625 Ultricies Rd.', '1-423-369-1864', 'enim.etiam@cubilia.org'),
	(298, 'Allen Hess', 1, 'P.O. Box 136, 2504 Non Street', '(550) 198-2215', 'egestas.a@ridiculusmus.co.uk'),
	(299, 'Haviva Haley', 1, 'Ap #528-3362 Nulla Ave', '1-480-338-7431', 'sit.amet@felis.org'),
	(300, 'Eagan Blankenship', 1, '783-7771 Integer Avenue', '(854) 524-7044', 'ut.nisi@porttitorinterdum.co.uk'),
	(301, 'Russell Hines', 1, '668-2526 Mus. St.', '1-535-680-2093', 'fusce.fermentum@semmolestie.org'),
	(302, 'Jacqueline Mason', 1, '952-7366 Convallis St.', '(529) 336-8642', 'non.arcu@vulputateposuerevulputate.org'),
	(303, 'Jeanette Figueroa', 1, 'Ap #909-6661 Dolor Avenue', '1-573-446-6940', 'parturient@nunc.edu'),
	(304, 'Jerry Wheeler', 1, '297-7549 Lorem. Avenue', '1-685-371-6563', 'vitae.orci@montesnascetur.co.uk'),
	(305, 'Jael Pearson', 1, '314-3762 Molestie Avenue', '(233) 433-1416', 'ipsum.dolor@semperrutrum.edu'),
	(306, 'Patricia Robbins', 1, 'P.O. Box 348, 3900 Proin Rd.', '(613) 567-6775', 'enim.mauris@nuncac.edu'),
	(307, 'Bo Hernandez', 1, '804-5909 Nunc Avenue', '(321) 624-3785', 'vitae.diam.proin@aliquet.net'),
	(308, 'Tanisha Mcmillan', 1, '401-4980 Pharetra Avenue', '(640) 747-3528', 'lectus.quis@fuscealiquetmagna.co.uk'),
	(309, 'Illiana Bailey', 1, '458-8749 Ut Road', '1-632-112-5197', 'tortor.nunc@etmagnis.org'),
	(310, 'Maisie Emerson', 1, '370-2867 Congue Street', '(937) 768-1417', 'vehicula.pellentesque.tincidunt@sapienaenean.com'),
	(311, 'Craig Avery', 1, 'Ap #958-7012 In Road', '(417) 543-5243', 'mus.proin@pedeultrices.edu'),
	(312, 'Ryan Moss', 1, '6424 Primis Rd.', '1-349-622-1932', 'id.erat@pedeblanditcongue.net'),
	(313, 'Jennifer Branch', 1, 'P.O. Box 513, 1222 Massa. Rd.', '1-667-641-1659', 'curabitur.massa@semperet.edu'),
	(314, 'Riley Fry', 1, '643-1707 Nam Road', '(368) 624-8352', 'suscipit@risusdonec.org'),
	(315, 'Wallace Giles', 1, 'Ap #225-4770 Ante. Av.', '(224) 331-2533', 'non@antedictum.edu'),
	(316, 'Kennan Ellis', 1, '4944 Mollis. St.', '(527) 737-3615', 'viverra@consectetuercursuset.edu'),
	(317, 'Hedwig Drake', 1, '399-3882 Malesuada. St.', '1-780-719-0820', 'praesent.interdum@dignissimmaecenas.ca'),
	(318, 'Clark Bryan', 1, '670-6140 Luctus Street', '(685) 625-2285', 'quis@odiovel.ca'),
	(319, 'Nerea Frank', 1, 'Ap #413-2556 Et Av.', '(440) 526-1337', 'semper.egestas.urna@netusetmalesuada.ca'),
	(320, 'Darius Townsend', 1, 'Ap #376-7968 Tempor, Street', '1-236-775-3327', 'lectus.ante@vitaedolordonec.edu'),
	(321, 'Solomon William', 1, 'Ap #356-6400 A Ave', '1-127-114-6562', 'hendrerit.a@seddolor.net'),
	(322, 'Caldwell Aguirre', 1, 'Ap #557-6878 Orci, Street', '1-115-864-2690', 'sit.amet@laciniaatiaculis.org'),
	(323, 'Ferdinand Morton', 1, '374-3723 Dictum Avenue', '1-537-623-1470', 'curabitur@blanditcongue.co.uk'),
	(324, 'Maxine Mueller', 1, '8520 Vulputate, Rd.', '(275) 872-5521', 'orci.ut@sagittis.edu'),
	(325, 'Bo Velez', 1, '464-8428 Lorem Avenue', '1-344-858-5274', 'in.dolor@velvenenatis.ca'),
	(326, 'Neil Sloan', 1, 'Ap #278-7067 Quis Road', '1-281-102-5628', 'vitae.posuere@torquent.org'),
	(327, 'Reagan Odom', 1, 'Ap #780-4557 Vulputate Rd.', '1-347-939-9454', 'at@blanditenimconsequat.net'),
	(328, 'Jonas Benton', 1, 'Ap #691-8227 Nulla Road', '(488) 747-4999', 'semper.cursus@cursusnon.co.uk'),
	(329, 'Wynne Suarez', 1, '9238 Duis Av.', '1-255-240-6380', 'ante.dictum@proinultricesduis.co.uk'),
	(330, 'Hakeem Savage', 1, '262-7735 Nec Rd.', '1-709-156-2886', 'libero.donec@conguea.net'),
	(331, 'Piper Dickson', 1, 'Ap #930-9467 Quisque Av.', '(716) 946-7238', 'eu@tellus.org'),
	(332, 'Amber Bean', 1, '154-1837 Tempor Road', '(745) 222-5644', 'turpis@nonenimmauris.ca'),
	(333, 'Samson Olson', 1, '512-1549 Enim. St.', '(805) 507-7152', 'lorem.fringilla.ornare@nonlobortis.co.uk'),
	(334, 'Zelenia French', 1, 'P.O. Box 356, 7950 Sem Av.', '(706) 505-4268', 'ullamcorper.eu.euismod@ullamcorperduis.edu'),
	(335, 'Jerome Hinton', 1, '555-120 Lorem, Rd.', '1-281-720-0676', 'felis.eget.varius@nequesedeget.com'),
	(336, 'Magee Gill', 1, '440-231 Elit, Avenue', '1-601-811-0437', 'felis.eget.varius@lobortisnisi.org'),
	(337, 'Leilani Tanner', 1, '6401 Magna. Rd.', '1-830-595-3532', 'curabitur@sedconsequat.net'),
	(338, 'Ethan Branch', 1, 'P.O. Box 210, 2025 Penatibus Avenue', '(747) 987-1742', 'id.libero@atarcu.ca'),
	(339, 'Yeo Shields', 1, 'Ap #113-2833 Velit Av.', '1-362-329-2547', 'mauris.aliquam.eu@mauris.net'),
	(340, 'Uma Rowland', 1, '9655 Erat Avenue', '1-666-367-1268', 'est.nunc@metusurna.com'),
	(341, 'Berk Hartman', 1, '306-8499 Libero. St.', '1-774-760-2121', 'sem.mollis@dolorfusce.ca'),
	(342, 'Ferris Stephens', 1, '7430 Tristique Road', '(644) 860-4016', 'mauris@congueelitsed.net'),
	(343, 'Shana Harvey', 1, 'Ap #206-8967 Dignissim. Road', '1-326-716-8288', 'ipsum@eu.edu'),
	(344, 'Peter O\'brien', 1, 'P.O. Box 682, 682 Rutrum, Street', '(476) 612-5175', 'eu.augue@adipiscing.edu'),
	(345, 'Dexter Kelly', 1, 'P.O. Box 175, 1909 Nullam Avenue', '1-778-387-5265', 'at.iaculis@egetipsum.edu'),
	(346, 'Hyacinth Buckley', 1, 'Ap #540-6591 Dictum Avenue', '1-242-796-2430', 'non.lorem.vitae@quis.ca'),
	(347, 'Jakeem Duke', 1, 'P.O. Box 536, 4153 Fusce Road', '(477) 144-7464', 'morbi.tristique@nullaintegervulputate.ca'),
	(348, 'Hilary Torres', 1, '6312 Aliquam Road', '(277) 771-3467', 'quis@egetnisidictum.ca'),
	(349, 'Chaim Solis', 1, '361-4562 Purus Av.', '1-343-618-8418', 'urna.ut@aliquetsem.ca'),
	(350, 'Remedios Moran', 1, '905-1675 Orci Rd.', '1-415-540-1413', 'auctor.velit@velit.net'),
	(351, 'Demetrius Kelley', 1, '106-9123 Amet Ave', '(408) 373-9993', 'nunc.sollicitudin@enimmaurisquis.edu'),
	(352, 'Lane Rush', 1, 'Ap #744-960 Convallis Rd.', '(424) 545-1762', 'lobortis.risus.in@volutpatnulla.co.uk'),
	(353, 'Tanisha Green', 1, 'Ap #623-6142 Hendrerit St.', '(851) 471-1122', 'malesuada.id@mauriseu.org'),
	(354, 'Lani Allison', 1, 'Ap #256-7655 Consequat Ave', '(877) 975-2588', 'quisque@commodotincidunt.co.uk'),
	(355, 'Nevada Shepard', 1, 'Ap #293-9284 Dictum Rd.', '(876) 522-2384', 'vel.nisl.quisque@nislnulla.net'),
	(356, 'Jordan Pierce', 1, 'Ap #433-2800 Vitae Road', '(272) 250-4734', 'fringilla.cursus@risusnuncac.edu'),
	(357, 'Quentin Lang', 1, '4713 Non St.', '(355) 786-4339', 'dolor.elit@dignissimlacus.co.uk'),
	(358, 'Alika Hanson', 1, '847-1338 Non, Av.', '(166) 513-8642', 'diam.vel@eteros.co.uk'),
	(359, 'Phyllis Porter', 1, 'P.O. Box 447, 398 Suspendisse Av.', '1-662-464-6467', 'phasellus.in@estcongue.org'),
	(360, 'Erica Maddox', 1, 'Ap #569-6239 Ante Av.', '1-888-485-7331', 'nunc.commodo@utquamvel.org'),
	(361, 'Beverly Cruz', 1, 'Ap #939-2173 Ligula Rd.', '(497) 453-2156', 'non.lacinia@elit.com'),
	(362, 'Porter Gates', 1, 'Ap #289-8628 Faucibus Street', '(991) 517-3346', 'augue.ut.lacus@proin.ca'),
	(363, 'Regan Golden', 1, 'Ap #492-1732 Auctor Road', '1-265-356-2739', 'quam@morbivehicula.ca'),
	(364, 'Myles Dillard', 1, '4385 Leo. St.', '(122) 925-7358', 'ipsum.porta@etipsum.net'),
	(365, 'Steel Fischer', 1, '1924 Sed Street', '(405) 179-2685', 'sem@tellus.edu'),
	(366, 'Cadman Sexton', 1, '905-3216 Suspendisse St.', '(434) 812-4308', 'suspendisse.sagittis@vulputatenisi.co.uk'),
	(367, 'Akeem Armstrong', 1, 'Ap #210-8853 Enim. Ave', '(776) 654-9281', 'vel.vulputate@risusdonec.org'),
	(368, 'Chiquita Garner', 1, '3363 Mauris St.', '(486) 286-4366', 'mollis.nec.cursus@quam.co.uk'),
	(369, 'Alexa Norton', 1, 'P.O. Box 455, 3884 Quisque Road', '(835) 964-3433', 'dui.fusce@fringillaeuismod.org'),
	(370, 'Rowan Herrera', 1, 'Ap #295-967 Justo Road', '(767) 148-1250', 'mauris.sagittis@quispede.ca'),
	(371, 'Cameron Ellison', 1, 'P.O. Box 194, 9944 Integer Ave', '(330) 578-8026', 'mi.tempor@vitae.edu'),
	(372, 'Raphael Rose', 1, '457-2344 Risus. Rd.', '(475) 983-2711', 'amet.ante@necligulaconsectetuer.net'),
	(373, 'Jemima Soto', 1, '4516 Diam St.', '1-485-512-8566', 'metus.vivamus@liberomorbi.com'),
	(374, 'Kirk Valdez', 1, '645-9065 Fusce St.', '(885) 574-6696', 'in.at@nullamenim.edu'),
	(375, 'Zelda Richardson', 1, '8334 Phasellus Ave', '1-511-304-1888', 'elit.aliquam@pharetranibh.co.uk'),
	(376, 'Anika O\'brien', 1, 'Ap #483-4661 Posuere Av.', '1-841-727-6486', 'sociis@libero.net'),
	(377, 'Louis Cantrell', 1, '8631 Fusce Street', '1-271-550-1465', 'blandit.enim@facilisisvitae.com'),
	(378, 'Bernard Carlson', 1, 'Ap #643-2690 Quam Av.', '(432) 521-0933', 'sem.vitae@cubilia.net'),
	(379, 'Scarlett Goodwin', 1, 'Ap #468-4874 Eu Street', '(836) 531-5417', 'odio.vel@maecenasiaculis.net'),
	(380, 'Christine Knapp', 1, '8643 Sed Road', '1-381-307-3114', 'montes.nascetur.ridiculus@semelitpharetra.co.uk'),
	(381, 'Amethyst Schneider', 1, '764-100 A, Av.', '(148) 631-8664', 'neque.tellus@egetipsum.ca'),
	(382, 'Emery Franco', 1, '780-2283 Non, St.', '1-777-227-7391', 'gravida.aliquam@risusinmi.co.uk'),
	(383, 'Isabelle Bryan', 1, 'Ap #824-8358 Erat Ave', '1-105-921-5826', 'cras.pellentesque@phasellusat.co.uk'),
	(384, 'Olympia Finch', 1, '6225 Eu Ave', '1-673-747-4366', 'donec.at@tempus.co.uk'),
	(385, 'Remedios Cortez', 1, 'Ap #691-2213 Sociis Av.', '(564) 692-5324', 'turpis.egestas@arcuvestibulum.co.uk'),
	(386, 'Karly Marsh', 1, '2698 Egestas Rd.', '1-680-881-5522', 'eget.dictum@facilisis.org'),
	(387, 'Cecilia Bradshaw', 1, 'P.O. Box 372, 4484 Bibendum. Avenue', '(253) 588-1745', 'nascetur@eratnonummy.edu'),
	(388, 'Amir Bentley', 1, '1151 Quisque Avenue', '1-604-483-6391', 'velit.in@velnisl.net'),
	(389, 'Addison Mcmillan', 1, '9351 Dui Avenue', '1-612-657-7884', 'semper.pretium@nullam.com'),
	(390, 'Larissa Cardenas', 1, '1162 Ut Street', '1-643-754-2682', 'dolor@luctus.ca'),
	(391, 'Sydney Pearson', 1, '441-3823 Scelerisque St.', '(253) 238-9432', 'eget.metus@quispede.ca'),
	(392, 'Brenda Keller', 1, '3894 Dictum. Rd.', '(576) 317-2932', 'ante.ipsum@magna.ca'),
	(393, 'Reese Pate', 1, 'Ap #769-5111 Vel Av.', '1-417-144-7458', 'lectus.pede@nunc.org'),
	(394, 'Daphne Manning', 1, 'Ap #817-7812 Rutrum Rd.', '(745) 226-2673', 'elit.pede.malesuada@vehiculaaliquetlibero.co.uk'),
	(395, 'Steven Stark', 1, 'Ap #808-9702 Aliquet Road', '(378) 694-3135', 'cras.vehicula@sapien.org'),
	(396, 'Nichole Jackson', 1, '789-8717 Amet, St.', '1-846-314-1833', 'ipsum.porta.elit@duinec.org'),
	(397, 'Bree Carroll', 1, '118-7746 Aliquam St.', '1-689-667-5126', 'eu.lacus@interdumligula.org'),
	(398, 'Troy Montoya', 1, '740-9182 Mi St.', '1-177-523-2274', 'in@semper.co.uk'),
	(399, 'Bell Bailey', 1, '290-9777 Ipsum Road', '1-724-857-6726', 'pharetra@quisqueporttitor.org'),
	(400, 'Warren Rice', 1, '6993 Sem Rd.', '(973) 435-6451', 'sit.amet@aliquamornarelibero.co.uk'),
	(401, 'Brent Mullen', 1, 'Ap #249-2069 Vel, Ave', '(708) 512-4687', 'fames.ac.turpis@euismodurna.co.uk'),
	(402, 'Clinton Chaney', 1, 'Ap #950-1720 Senectus Road', '1-122-154-9186', 'interdum.enim@suspendisse.edu'),
	(403, 'Barrett Morris', 1, '220-8493 Nulla Rd.', '1-940-741-8424', 'orci@rutrumlorem.ca'),
	(404, 'Hamish Morales', 1, 'Ap #217-1795 Augue Rd.', '(167) 680-6259', 'sem.mollis@eumetus.co.uk'),
	(405, 'Solomon Sloan', 1, '9533 Duis Rd.', '(281) 801-6884', 'imperdiet.non@eget.org'),
	(406, 'Palmer Rosales', 1, '404-8144 Et Rd.', '(584) 559-7254', 'ridiculus.mus@nislnulla.edu'),
	(407, 'Dawn Mccullough', 1, 'Ap #442-6188 Lorem, Av.', '1-695-657-7170', 'fermentum.fermentum.arcu@ullamcorpereu.org'),
	(408, 'Byron O\'connor', 1, 'P.O. Box 516, 1323 Sit Rd.', '1-324-570-3776', 'malesuada.id@habitantmorbitristique.edu'),
	(409, 'Ishmael Vincent', 1, 'Ap #699-1561 Nam Road', '(553) 613-5132', 'ultricies.sem@acmattis.co.uk'),
	(410, 'Chandler Maynard', 1, 'Ap #157-205 Vulputate St.', '(385) 721-3771', 'magnis.dis@aliquetnec.org'),
	(411, 'Joel Evans', 1, 'Ap #791-2424 Vel, Rd.', '1-140-655-7951', 'mi.lacinia@elementum.net'),
	(412, 'Guinevere Horton', 1, '250-4271 Nec Street', '(718) 457-0717', 'urna@integerin.org'),
	(413, 'Mollie Rocha', 1, '916-7523 Faucibus St.', '(876) 374-6716', 'cum@cursusnunc.co.uk'),
	(414, 'Astra Tanner', 1, '5744 Sem Road', '1-915-148-8684', 'penatibus.et@curabitur.edu'),
	(415, 'Wilma Erickson', 1, '4426 Lobortis, Avenue', '1-171-571-5873', 'magnis.dis@ornare.org'),
	(416, 'Lydia Fowler', 1, 'P.O. Box 671, 3171 Eget, Rd.', '1-382-626-8787', 'lobortis@pretiumneque.org'),
	(417, 'Hayden Compton', 1, '876-9162 A Av.', '1-659-255-8643', 'sed.molestie@afeugiattellus.edu'),
	(418, 'Bree Holloway', 1, '725-4481 Aliquam Street', '(628) 846-2401', 'montes.nascetur@vel.org'),
	(419, 'Jelani Stafford', 1, 'Ap #448-9365 Lacus Rd.', '(574) 395-9417', 'donec@pedecrasvulputate.com'),
	(420, 'Paki Fox', 1, '275-5982 Nulla. Rd.', '(894) 358-6684', 'id.enim.curabitur@massaquisqueporttitor.org'),
	(421, 'Jonas Jacobs', 1, 'Ap #828-334 Suspendisse Ave', '1-528-433-5635', 'auctor.nunc@turpis.co.uk'),
	(422, 'Juliet Bonner', 1, '522-2790 Non Rd.', '(716) 681-2967', 'risus.duis.a@proinmialiquam.co.uk'),
	(423, 'Ashton Glover', 1, 'P.O. Box 440, 7867 Scelerisque, Rd.', '(313) 573-9215', 'a.tortor@sodalesmaurisblandit.com'),
	(424, 'Christopher Nicholson', 1, '602-1916 Penatibus Avenue', '(816) 937-7633', 'nullam.lobortis@sollicitudinadipiscing.co.uk'),
	(425, 'Murphy Herrera', 1, 'P.O. Box 608, 6441 Penatibus St.', '1-561-492-2827', 'imperdiet.non@nonummy.ca'),
	(426, 'Jaden Pace', 1, 'P.O. Box 246, 5905 Gravida Avenue', '1-843-626-8116', 'natoque@donecegestasaliquam.net'),
	(427, 'Geraldine Edwards', 1, '2250 Sagittis St.', '1-216-141-3517', 'et.netus.et@ante.com'),
	(428, 'Sheila Franklin', 1, '8227 In Ave', '(872) 707-1101', 'pede.blandit.congue@lectusante.net'),
	(429, 'Oleg Sears', 1, 'Ap #727-7105 Lorem Rd.', '(683) 341-2862', 'tortor.nunc@disparturient.co.uk'),
	(430, 'Cherokee Bond', 1, '463-5002 Enim. Av.', '(483) 344-2547', 'aliquam.nec.enim@veliteusem.edu'),
	(431, 'Lacey Powers', 1, '571-8955 Dolor. Av.', '(680) 466-0840', 'consectetuer.rhoncus@tristiquesenectus.com'),
	(432, 'Damon Meadows', 1, '159-9542 Nisi Avenue', '(786) 676-3417', 'aliquam.vulputate@enimcurabitur.ca'),
	(433, 'Ila Stephenson', 1, '9185 Ipsum. Rd.', '1-567-746-8107', 'egestas.aliquam@nonummyutmolestie.co.uk'),
	(434, 'Malachi Holt', 1, 'Ap #300-6620 Mollis. Street', '(856) 824-6071', 'massa.vestibulum.accumsan@velit.com'),
	(435, 'Inez Burt', 1, '3388 Vestibulum Avenue', '(586) 256-1638', 'suspendisse.aliquet.sem@vivamus.com'),
	(436, 'Kristen Diaz', 1, '809-3406 Massa. Avenue', '(515) 338-5183', 'blandit.nam.nulla@acliberonec.net'),
	(437, 'Keith Trevino', 1, '477-3603 Et Avenue', '1-716-888-1321', 'ante.lectus.convallis@scelerisquescelerisque.co.uk'),
	(438, 'Brandon Serrano', 1, '359-6745 At Road', '(701) 828-9727', 'nibh.aliquam.ornare@metussit.org'),
	(439, 'Vielka Velazquez', 1, '120-7037 Diam. Rd.', '1-517-631-3692', 'arcu.vestibulum.ut@semperduilectus.co.uk'),
	(440, 'Alisa Forbes', 1, '359-6831 Ipsum Av.', '(485) 457-5780', 'venenatis.a@purusduis.org'),
	(441, 'Hamilton Melendez', 1, '992-678 Aenean Ave', '1-255-120-2151', 'tempus.scelerisque@augueeutempor.net'),
	(442, 'Erasmus Ellis', 1, '6457 Lectus Av.', '1-785-396-8667', 'quis.pede.praesent@consequatauctor.edu'),
	(443, 'Eaton House', 1, '706-5447 Ac Rd.', '1-901-191-6215', 'phasellus.dapibus@vestibulumloremsit.net'),
	(444, 'Bevis Horn', 1, '848-8143 Duis Road', '(688) 884-1264', 'commodo.ipsum@risusnuncac.edu'),
	(445, 'Ralph Hurst', 1, 'Ap #862-1700 Dictum Av.', '(983) 853-2005', 'lorem@semper.ca'),
	(446, 'Channing Hutchinson', 1, 'P.O. Box 754, 4779 Rhoncus. St.', '1-676-662-4777', 'magna.phasellus@vivamusnibh.edu'),
	(447, 'Eugenia Mcguire', 1, 'P.O. Box 737, 7079 Mollis Street', '1-238-550-2304', 'ullamcorper.duis@aeneaneget.co.uk'),
	(448, 'Sebastian Morrow', 1, '591-1991 Non Rd.', '1-821-126-5987', 'arcu.vestibulum.ante@cras.co.uk'),
	(449, 'Samantha Ortiz', 1, 'Ap #578-7454 Egestas. Rd.', '1-487-677-4558', 'sem.pellentesque.ut@consectetuercursus.ca'),
	(450, 'Cameron Johnson', 1, '185-5123 Augue St.', '1-528-662-3425', 'lectus.cum@elita.edu'),
	(451, 'Joseph Montoya', 1, 'P.O. Box 701, 7541 Purus St.', '(835) 341-0217', 'consequat.nec@nibh.co.uk'),
	(452, 'Valentine Flores', 1, '3713 At St.', '1-561-937-1648', 'imperdiet@dolor.ca'),
	(453, 'Amery Cox', 1, '781-136 Duis Av.', '1-395-464-8275', 'proin.mi.aliquam@ultrices.edu'),
	(454, 'Jordan Grant', 1, 'P.O. Box 543, 801 Porttitor Road', '(815) 668-3218', 'sit.amet@semegetmassa.com'),
	(455, 'Kirk Guerrero', 1, '928 Nullam Av.', '1-344-876-8227', 'sed.consequat@quistristiqueac.com'),
	(456, 'Timon Ramsey', 1, 'Ap #254-2747 Nec Avenue', '(267) 778-6619', 'augue.sed@urnauttincidunt.co.uk'),
	(457, 'Ramona Joyce', 1, '403-6914 Nec, Ave', '1-882-667-2827', 'et.arcu@curabitur.co.uk'),
	(458, 'Melanie Maddox', 1, 'P.O. Box 750, 4280 Vivamus Street', '1-878-612-7780', 'integer.sem@loremipsum.edu'),
	(459, 'Shoshana Nieves', 1, '768-1065 Metus Ave', '(971) 225-5033', 'a@donec.edu'),
	(460, 'Amir Morgan', 1, 'P.O. Box 738, 3496 Commodo Avenue', '1-552-773-8292', 'netus.et@seddiam.edu'),
	(461, 'Echo Marsh', 1, '678-1101 Accumsan Ave', '(183) 582-2067', 'diam.luctus@sollicitudin.com'),
	(462, 'Zorita Mcdaniel', 1, '244-4462 Tempor Av.', '1-410-866-4754', 'lorem.ac.risus@disparturient.co.uk'),
	(463, 'Kennan Richardson', 1, '902-7016 Nisl. St.', '1-515-761-0577', 'egestas.a@volutpatnullafacilisis.net'),
	(464, 'Marah Mcleod', 1, 'Ap #177-2367 Ac Rd.', '(982) 817-5291', 'vitae.sodales@gravidanunc.ca'),
	(465, 'Nyssa Castro', 1, '268-6498 Varius Street', '1-967-677-6819', 'orci.lacus@classaptent.ca'),
	(466, 'Vincent Richmond', 1, '9070 Blandit Road', '(576) 377-7518', 'fusce.aliquam@quisquetincidunt.org'),
	(467, 'Angelica Valdez', 1, '137-9169 Eu St.', '1-217-128-5376', 'phasellus.ornare@auctorodio.com'),
	(468, 'Samantha Mclaughlin', 1, 'Ap #102-9150 Eu, Ave', '1-725-972-7844', 'per.conubia@viverradonec.net'),
	(469, 'Paul Austin', 1, '7036 Libero St.', '(462) 887-7634', 'egestas.a.scelerisque@nislarcu.ca'),
	(470, 'Madonna Manning', 1, 'P.O. Box 671, 277 Porttitor Ave', '(284) 617-1276', 'libero.donec.consectetuer@fermentumrisus.edu'),
	(471, 'Hedwig Doyle', 1, 'Ap #317-2862 Urna Ave', '1-751-686-2593', 'cras.pellentesque.sed@iaculisnec.co.uk'),
	(472, 'Fiona Gentry', 1, 'P.O. Box 494, 1878 Nec, Rd.', '1-924-843-6675', 'ut.odio@cursusvestibulummauris.edu'),
	(473, 'Hayley Mcintosh', 1, '471-999 Urna. St.', '1-231-368-9308', 'aliquam.nisl@velturpis.com'),
	(474, 'Dale Hodge', 1, '5406 Non Street', '(474) 776-6443', 'netus@elitaliquamauctor.net'),
	(475, 'Rhoda Holder', 1, 'P.O. Box 182, 220 Interdum St.', '(563) 433-6911', 'ut.semper.pretium@consequatdolor.co.uk'),
	(476, 'Anika Hoover', 1, '181-9337 At Av.', '1-323-405-8696', 'elit.pretium.et@proin.net'),
	(477, 'Destiny Erickson', 1, 'Ap #352-4402 Metus. Rd.', '(733) 741-0402', 'vitae@netus.net'),
	(478, 'Chancellor Calhoun', 1, '195-9108 Erat St.', '(819) 959-2670', 'quis.turpis.vitae@mattisinteger.edu'),
	(479, 'Coby Wright', 1, '1555 Dui Road', '(977) 851-3572', 'tellus.phasellus@vivamuseuismod.net'),
	(480, 'Stuart Pruitt', 1, '231-2885 In, Avenue', '(276) 704-5502', 'mauris.elit.dictum@tempordiam.ca'),
	(481, 'Chiquita Carney', 1, 'Ap #492-680 Sed Road', '1-470-277-1103', 'purus@ipsumnunc.org'),
	(482, 'Armand Reese', 1, '7298 Nunc Ave', '(864) 494-6712', 'fermentum.arcu@aliquamadipiscing.net'),
	(483, 'Adrian Hill', 1, '897-4276 Magnis Rd.', '(298) 225-3446', 'mauris@tellusjustosit.org'),
	(484, 'Rae Green', 1, 'Ap #764-7877 Nunc St.', '(168) 475-8480', 'erat.volutpat@ut.net'),
	(485, 'Sacha Joyner', 1, '435-1398 Fusce Road', '(241) 287-5317', 'pede.blandit@luctuslobortisclass.com'),
	(486, 'Vincent Haynes', 1, 'P.O. Box 915, 1825 Luctus Av.', '(262) 977-0934', 'iaculis.nec@magnisdisparturient.co.uk'),
	(487, 'Quinn Brewer', 1, 'P.O. Box 798, 8444 Mattis. Av.', '1-859-747-8751', 'natoque.penatibus@enimsed.org'),
	(488, 'Norman Cameron', 1, 'P.O. Box 688, 7396 Velit Street', '(696) 612-6218', 'facilisis.lorem.tristique@ullamcorpervelit.ca'),
	(489, 'Avram Hamilton', 1, '189-7525 Ridiculus St.', '1-693-762-7323', 'id.blandit@nuncsollicitudin.co.uk'),
	(490, 'Kennan Ray', 1, 'Ap #280-8193 Nunc St.', '(911) 749-9812', 'ut.tincidunt@sednec.net'),
	(491, 'Maisie Pugh', 1, 'Ap #473-8891 Aliquam Av.', '1-833-434-3551', 'ullamcorper@convallisdolorquisque.org'),
	(492, 'Raya Albert', 1, 'Ap #769-7218 Donec Rd.', '(577) 811-2391', 'nunc.mauris.sapien@cursus.org'),
	(493, 'Madison Salinas', 1, 'Ap #809-3755 Sollicitudin St.', '(827) 318-8153', 'a@aauctornon.net'),
	(494, 'Laura Melton', 1, 'Ap #260-7004 Pretium Street', '(397) 920-4749', 'rhoncus@nuncest.co.uk'),
	(495, 'Penelope Taylor', 1, 'Ap #936-313 Nam Avenue', '(973) 361-2742', 'nibh.phasellus@venenatisvel.net'),
	(496, 'Aspen Stark', 1, 'Ap #160-9572 Tellus, Rd.', '(977) 617-0564', 'lorem.vitae@velitaliquamnisl.co.uk'),
	(497, 'Kalia Moon', 1, 'Ap #827-9658 Fames Av.', '(412) 452-4455', 'proin@duiscursus.com'),
	(498, 'Sean Fox', 1, 'Ap #269-6514 Quam St.', '1-374-469-8816', 'nulla.vulputate@nisl.edu'),
	(499, 'Karly Mathews', 1, 'Ap #366-9359 Ligula Ave', '(574) 441-8264', 'non.dapibus.rutrum@tempordiam.org'),
	(500, 'Darryl Levine', 1, 'Ap #575-5187 Libero. Road', '1-411-624-5985', 'nulla@malesuadamalesuadainteger.ca');
/*!40000 ALTER TABLE `usuarios` ENABLE KEYS */;

/*!40101 SET SQL_MODE=IFNULL(@OLD_SQL_MODE, '') */;
/*!40014 SET FOREIGN_KEY_CHECKS=IFNULL(@OLD_FOREIGN_KEY_CHECKS, 1) */;
/*!40101 SET CHARACTER_SET_CLIENT=@OLD_CHARACTER_SET_CLIENT */;
/*!40111 SET SQL_NOTES=IFNULL(@OLD_SQL_NOTES, 1) */;
